n,url,titulo,plataforma,cuenta,fecha,views,likes,comments,formato,transcripto
1,https://vm.tiktok.com/ZMAXhYBm6,top semanal @senseielcoach ZMAXhYBm6,tiktok,@senseielcoach,2025-10-09,,,,tiktok,no
2,https://vm.tiktok.com/ZMA9vrVeF,top semanal @senseielcoach ZMA9vrVeF,tiktok,@senseielcoach,2025-10-02,,,,tiktok,no
3,https://www.youtube.com/shorts/9AKEHMFFP8A,top semanal @senseielcoach 9AKEHMFFP8A,youtube,@senseielcoach,2025-08-01,,,,short,no
4,https://vm.tiktok.com/ZMAqmMgxR,top semanal @senseirich_ ZMAqmMgxR,tiktok,@senseirich_,2025-10-16,,,,tiktok,no
5,https://vm.tiktok.com/ZMAXhmuhX,top semanal @senseirich_ ZMAXhmuhX,tiktok,@senseirich_,2025-10-09,,,,tiktok,no
6,https://vm.tiktok.com/ZMAgk5FG9,top semanal @carrosdelsensei ZMAgk5FG9,tiktok,@carrosdelsensei,2025-09-05,,,,tiktok,no
7,https://www.tiktok.com/@relojesdelsensei/video/7566307642499484935,top semanal @relojesdelsensei 7566307642499484935,tiktok,@relojesdelsensei,2025-10-22,,,,tiktok,no
8,https://www.tiktok.com/@relojesdelsensei/video/7562228444730281224,top semanal @relojesdelsensei 7562228444730281224,tiktok,@relojesdelsensei,2025-10-16,,,,tiktok,no
9,https://vm.tiktok.com/ZMA9vNnhs,top semanal @carrosdelsensei ZMA9vNnhs,tiktok,@carrosdelsensei,2025-10-02,,,,tiktok,no
10,https://vm.tiktok.com/ZMAqmeofH,top semanal @senseielcoach ZMAqmeofH,tiktok,@senseielcoach,2025-10-16,,,,tiktok,no
11,https://vm.tiktok.com/ZMAqmNpRJ,top semanal @carrosdelsensei ZMAqmNpRJ,tiktok,@carrosdelsensei,2025-10-16,,,,tiktok,no
12,https://www.youtube.com/shorts/Hcf0xsBlDJU,top semanal @carrosdelsensei Hcf0xsBlDJU,youtube,@carrosdelsensei,2025-08-01,,,,short,no
13,https://www.youtube.com/shorts/Ymuuy7Tghr4,top semanal @elsenseireel Ymuuy7Tghr4,youtube,@elsenseireel,2025-10-09,,,,short,no
14,https://vm.tiktok.com/ZMAtVAcjc,top semanal @senseielcoach ZMAtVAcjc,tiktok,@senseielcoach,2025-10-29,,,,tiktok,no
15,https://www.youtube.com/shorts/QAEyfUyHcTo,top semanal @senseirich_ QAEyfUyHcTo,youtube,@senseirich_,2025-11-12,,,,short,no
16,https://www.youtube.com/shorts/RPEDR5SKd5c,top semanal @carrosdelsensei RPEDR5SKd5c,youtube,@carrosdelsensei,2025-11-19,,,,short,no
17,https://www.youtube.com/shorts/16gkE46YFi8,top semanal @senseirich_ 16gkE46YFi8,youtube,@senseirich_,2025-11-19,,,,short,no
18,https://vm.tiktok.com/ZMA9vMfJV,top semanal @carrosdelsensei ZMA9vMfJV,tiktok,@carrosdelsensei,2025-09-26,,,,tiktok,no
19,https://vm.tiktok.com/ZMAghCfEs,top semanal @senseielcoach ZMAghCfEs,tiktok,@senseielcoach,2025-08-01,,,,tiktok,no
20,https://www.youtube.com/shorts/AaxP2M-GUkA,top semanal @carrosdelsensei AaxP2M-GUkA,youtube,@carrosdelsensei,2025-10-22,,,,short,no
21,https://www.youtube.com/shorts/2RiWKVg8ztQ,top semanal @carrosdelsensei 2RiWKVg8ztQ,youtube,@carrosdelsensei,2025-10-02,,,,short,no
22,https://www.instagram.com/reel/DPt0pmADsHs/,top semanal cuenta sin dato DPt0pmADsHs,instagram,SIN DATO (CM: Valeria),2025-10-09,,,,reel,no
23,https://www.instagram.com/reel/DPeVTLDjnG7/,top semanal cuenta sin dato DPeVTLDjnG7,instagram,SIN DATO (CM: Valeria),2025-10-02,,,,reel,no
24,https://vm.tiktok.com/ZMAghb9fh,top semanal @senseielcoach ZMAghb9fh,tiktok,@senseielcoach,2025-08-08,,,,tiktok,no
25,https://vm.tiktok.com/ZMAXr3TSE,top semanal @carrosdelsensei ZMAXr3TSE,tiktok,@carrosdelsensei,2025-10-09,,,,tiktok,no
26,https://www.youtube.com/shorts/1LNi1DdOf4k,top semanal @carrosdelsensei 1LNi1DdOf4k,youtube,@carrosdelsensei,2025-11-26,,,,short,no
27,https://vm.tiktok.com/ZMA9cjKo8,top semanal @senseirich_ ZMA9cjKo8,tiktok,@senseirich_,2025-10-08,,,,tiktok,no
28,https://www.youtube.com/shorts/RW-k14b_F4o,top semanal @senseirich_ RW-k14b_F4o,youtube,@senseirich_,2025-11-26,,,,short,no
29,https://www.instagram.com/reel/DQzVSewjuyB/,top semanal cuenta sin dato DQzVSewjuyB,instagram,SIN DATO (CM: Valeria),2025-11-05,,,,reel,no
30,https://www.tiktok.com/@relojesdelsensei/video/7568169892805872903,top semanal @relojesdelsensei 7568169892805872903,tiktok,@relojesdelsensei,2025-10-29,,,,tiktok,no
31,https://www.instagram.com/reel/DQKL1KgDhmj/,top semanal cuenta sin dato DQKL1KgDhmj,instagram,SIN DATO (CM: Valeria),2025-10-22,,,,reel,no
32,https://www.instagram.com/reel/DQhZiU5Du3l/,top semanal cuenta sin dato DQhZiU5Du3l,instagram,SIN DATO (CM: Valeria),2025-10-29,,,,reel,no
33,https://www.instagram.com/reel/DPHJJd_Dpch/,top semanal cuenta sin dato DPHJJd_Dpch,instagram,SIN DATO (CM: Valeria),2025-09-26,,,,reel,no
34,https://vm.tiktok.com/ZMAgksXqV,top semanal @carrosdelsensei ZMAgksXqV,tiktok,@carrosdelsensei,2025-09-19,,,,tiktok,no
35,https://vm.tiktok.com/ZMAp32gUM,top semanal @senseielcoach ZMAp32gUM,tiktok,@senseielcoach,2025-10-22,,,,tiktok,no
36,https://www.instagram.com/reel/DP6tw3tDtVi/,top semanal cuenta sin dato DP6tw3tDtVi,instagram,SIN DATO (CM: Valeria),2025-10-16,,,,reel,no
37,https://www.youtube.com/shorts/dziiGjcM0yg,top semanal @carrosdelsensei dziiGjcM0yg,youtube,@carrosdelsensei,2025-10-29,,,,short,no
38,https://www.tiktok.com/@senseielsabio/video/7561128008644414776,top semanal @senseielsabio 7561128008644414776,tiktok,@senseielsabio,2025-10-16,,,,tiktok,no
39,https://www.youtube.com/shorts/CMq9z5SawWM,top semanal @carrosdelsensei CMq9z5SawWM,youtube,@carrosdelsensei,2025-09-12,,,,short,no
40,https://www.instagram.com/reel/DOls3TWDmEY/,top semanal cuenta sin dato DOls3TWDmEY,instagram,SIN DATO (CM: Valeria),2025-09-12,,,,reel,no
41,https://www.youtube.com/shorts/NPQJqNFOtvA,top semanal @senseirich_ NPQJqNFOtvA,youtube,@senseirich_,2025-11-05,,,,short,no
42,https://vm.tiktok.com/ZMAghwbTv,top semanal @carrosdelsensei ZMAghwbTv,tiktok,@carrosdelsensei,2025-08-01,,,,tiktok,no
43,https://www.instagram.com/reel/DO1KWr5jtP3/,top semanal cuenta sin dato DO1KWr5jtP3,instagram,SIN DATO (CM: Valeria),2025-09-19,,,,reel,no
44,https://vm.tiktok.com/ZMAgBJ7qw,top semanal @carrosdelsensei ZMAgBJ7qw,tiktok,@carrosdelsensei,2025-09-12,,,,tiktok,no
45,https://vm.tiktok.com/ZMAghDSna,top semanal @senseielcoach ZMAghDSna,tiktok,@senseielcoach,2025-08-15,,,,tiktok,no
46,https://vm.tiktok.com/ZMAgShSqh,top semanal @senseirich_ ZMAgShSqh,tiktok,@senseirich_,2025-09-05,,,,tiktok,no
47,https://vm.tiktok.com/ZMAKetQJp,top semanal @senseielcoach ZMAKetQJp,tiktok,@senseielcoach,2025-11-19,,,,tiktok,no
48,https://vm.tiktok.com/ZMAtVX16k,top semanal @carrosdelsensei ZMAtVX16k,tiktok,@carrosdelsensei,2025-10-29,,,,tiktok,no
49,https://www.youtube.com/shorts/d8Oi9MyM4W0,top semanal @carrosdelsensei d8Oi9MyM4W0,youtube,@carrosdelsensei,2025-09-19,,,,short,no
50,https://vt.tiktok.com/ZSUEuF7v2,top semanal @alestilodelsensei ZSUEuF7v2,tiktok,@alestilodelsensei,2025-09-05,,,,tiktok,no
51,https://vm.tiktok.com/ZMAghwRbV,top semanal @senseielcoach ZMAghwRbV,tiktok,@senseielcoach,2025-09-05,,,,tiktok,no
52,https://vt.tiktok.com/ZSU7NoB7g,top semanal @habitosdelsensei ZSU7NoB7g,tiktok,@habitosdelsensei,2025-10-16,,,,tiktok,no
53,https://www.instagram.com/reel/DOjIlwgDUnF/,top semanal @frasesdelcalvito DOjIlwgDUnF,instagram,@frasesdelcalvito,2025-10-12,,,,reel,no
54,https://vm.tiktok.com/ZMAghwsAY,top semanal @carrosdelsensei ZMAghwsAY,tiktok,@carrosdelsensei,2025-08-08,,,,tiktok,no
55,https://www.tiktok.com/@elsenseiprofe/video/7561876247375088914,top semanal @senseielprofesor 7561876247375088914,tiktok,@senseielprofesor,2025-10-16,,,,tiktok,no
56,https://www.tiktok.com/@relojesdelsensei/video/7578163700352240903,top semanal @relojesdelsensei 7578163700352240903,tiktok,@relojesdelsensei,2025-11-26,,,,tiktok,no
57,https://www.youtube.com/shorts/oBZnT6d--TQ,top semanal @elsenseireel oBZnT6d--TQ,youtube,@elsenseireel,2025-10-02,,,,short,no
58,https://vt.tiktok.com/ZSUK6w9Xu,top semanal @senseialma ZSUK6w9Xu,tiktok,@senseialma,2025-08-01,,,,tiktok,no
59,https://vt.tiktok.com/ZSUKRYxqQ,top semanal @habitosdelsensei ZSUKRYxqQ,tiktok,@habitosdelsensei,2025-09-05,,,,tiktok,no
60,https://vt.tiktok.com/ZSUWkvxQ6,top semanal @frasesdelsensei ZSUWkvxQ6,tiktok,@frasesdelsensei,2025-10-16,,,,tiktok,no
61,https://www.youtube.com/shorts/7pBBCN9RtPA,top semanal @senseielcoach 7pBBCN9RtPA,youtube,@senseielcoach,2025-08-22,,,,short,no
62,https://www.youtube.com/shorts/L8J_HGIOL5M,top semanal @carrosdelsensei L8J_HGIOL5M,youtube,@carrosdelsensei,2025-08-22,,,,short,no
63,https://www.instagram.com/reel/DPJt7JCjHmf/,top semanal @frasesdelcalvito DPJt7JCjHmf,instagram,@frasesdelcalvito,2025-09-26,,,,reel,no
64,https://www.instagram.com/reel/DN8i7s1jX7o/,top semanal @frasesdelcalvito DN8i7s1jX7o,instagram,@frasesdelcalvito,2025-08-29,,,,reel,no
65,https://www.instagram.com/reel/DOJZW2OAIX-/,top semanal cuenta sin dato DOJZW2OAIX-,instagram,SIN DATO (CM: Valeria),2025-08-29,,,,reel,no
66,https://www.instagram.com/reel/DO6RPNBjX7M/,top semanal @frasesdelcalvito DO6RPNBjX7M,instagram,@frasesdelcalvito,2025-09-19,,,,reel,no
67,https://www.youtube.com/shorts/O2cuVmxnLMk,top semanal @carrosdelsensei O2cuVmxnLMk,youtube,@carrosdelsensei,2025-11-05,,,,short,no
68,https://vm.tiktok.com/ZMAghoerf,top semanal @senseielcoach ZMAghoerf,tiktok,@senseielcoach,2025-08-22,,,,tiktok,no
69,https://vt.tiktok.com/ZSfWbKL7w,top semanal @lasprimasdelsensei ZSfWbKL7w,tiktok,@lasprimasdelsensei,2025-11-26,,,,tiktok,no
70,https://vt.tiktok.com/ZSUMoUXLB,top semanal @habitosdelsensei ZSUMoUXLB,tiktok,@habitosdelsensei,2025-10-02,,,,tiktok,no
71,https://vt.tiktok.com/ZSUr188V3,top semanal @senseimentalidad ZSUr188V3,tiktok,@senseimentalidad,2025-10-02,,,,tiktok,no
72,https://www.tiktok.com/@elsenseiprofe/video/7559653779600117048,top semanal @senseielprofesor 7559653779600117048,tiktok,@senseielprofesor,2025-10-09,,,,tiktok,no
73,https://www.tiktok.com/@relojesdelsensei/video/7538500215087615288,top semanal @relojesdelsensei 7538500215087615288,tiktok,@relojesdelsensei,2025-08-08,,,,tiktok,no
74,https://www.youtube.com/shorts/B9K6mRKlzxI,top semanal @carrosdelsensei B9K6mRKlzxI,youtube,@carrosdelsensei,2025-08-15,,,,short,no
75,https://www.instagram.com/reel/DRaAWA2jm_k/,top semanal cuenta sin dato DRaAWA2jm_k,instagram,SIN DATO (CM: Valeria),2025-11-19,,,,reel,no
76,https://www.youtube.com/shorts/j5JBHTGxVaY,top semanal @senseielcoach j5JBHTGxVaY,youtube,@senseielcoach,2025-10-09,,,,short,no
77,https://www.instagram.com/reel/DNJF6IZA8Eu/,top semanal cuenta sin dato DNJF6IZA8Eu,instagram,SIN DATO (CM: Valeria),2025-08-08,,,,reel,no
78,https://www.youtube.com/shorts/MdQZ4QqesHo,top semanal @carrosdelsensei MdQZ4QqesHo,youtube,@carrosdelsensei,2025-10-09,,,,short,no
79,https://www.instagram.com/reel/DPWm8gaDfPQ/,top semanal @frasesdelcalvito DPWm8gaDfPQ,instagram,@frasesdelcalvito,2025-10-02,,,,reel,no
80,https://vm.tiktok.com/ZMA7k57eo,top semanal @senseielcoach ZMA7k57eo,tiktok,@senseielcoach,2025-11-05,,,,tiktok,no
81,https://vt.tiktok.com/ZSU98A3Xm,top semanal @frasesdelsensei ZSU98A3Xm,tiktok,@frasesdelsensei,2025-10-09,,,,tiktok,no
82,https://www.tiktok.com/@relojesdelsensei/video/7535886660999941382,top semanal @relojesdelsensei 7535886660999941382,tiktok,@relojesdelsensei,2025-08-01,,,,tiktok,no
83,https://www.tiktok.com/@relojesdelsensei/video/7576727031233236242,top semanal @relojesdelsensei 7576727031233236242,tiktok,@relojesdelsensei,2025-11-19,,,,tiktok,no
84,https://www.youtube.com/shorts/OkDYRGnrpok,top semanal @relojesdelsensei OkDYRGnrpok,youtube,@relojesdelsensei,2025-10-22,,,,short,no
85,https://www.youtube.com/shorts/NW4NMzfZbzs,top semanal @senseielcoach NW4NMzfZbzs,youtube,@senseielcoach,2025-08-29,,,,short,no
86,https://www.instagram.com/reel/DRX9Bv-DrWu/,top semanal @habitosdelsensei DRX9Bv-DrWu,instagram,@habitosdelsensei,2025-11-19,,,,reel,no
87,https://vm.tiktok.com/ZMAosn1x2,top semanal @carrosdelsensei ZMAosn1x2,tiktok,@carrosdelsensei,2025-11-26,,,,tiktok,no
88,https://www.youtube.com/shorts/N0icUPedtb8,top semanal @carrosdelsensei N0icUPedtb8,youtube,@carrosdelsensei,2025-11-12,,,,short,no
89,https://vt.tiktok.com/ZSyLDDxAP,top semanal @habitosdelsensei ZSyLDDxAP,tiktok,@habitosdelsensei,2025-10-22,,,,tiktok,no
90,https://www.tiktok.com/@relojesdelsensei/video/7572946527438654738,top semanal @relojesdelsensei 7572946527438654738,tiktok,@relojesdelsensei,2025-11-12,,,,tiktok,no
91,https://vm.tiktok.com/ZMAgk5QT2,top semanal @carrosdelsensei ZMAgk5QT2,tiktok,@carrosdelsensei,2025-08-29,,,,tiktok,no
92,https://www.youtube.com/shorts/Z5bssHi3Gos,top semanal @elsenseireel Z5bssHi3Gos,youtube,@elsenseireel,2025-09-26,,,,short,no
93,https://vm.tiktok.com/ZMAp3a8Xc,top semanal @carrosdelsensei ZMAp3a8Xc,tiktok,@carrosdelsensei,2025-10-22,,,,tiktok,no
94,https://www.instagram.com/p/DNORLwyJBX0/,top semanal cuenta sin dato DNORLwyJBX0,instagram,SIN DATO (CM: Fabiola),2025-08-08,,,,reel,no
95,https://www.youtube.com/shorts/7PRXfUF18ls,top semanal @carrosdelsensei 7PRXfUF18ls,youtube,@carrosdelsensei,2025-10-16,,,,short,no
96,https://www.youtube.com/shorts/KRV5J8Tu1UM,top semanal @carrosdelsensei KRV5J8Tu1UM,youtube,@carrosdelsensei,2025-09-05,,,,short,no
97,https://www.instagram.com/p/DOOpesXjp1l/,top semanal cuenta sin dato DOOpesXjp1l,instagram,SIN DATO (CM: Fabiola),2025-09-05,,,,reel,no
98,https://www.tiktok.com/@relojesdelsensei/video/7558144560572960056,top semanal @relojesdelsensei 7558144560572960056,tiktok,@relojesdelsensei,2025-10-02,,,,tiktok,no
99,https://vm.tiktok.com/ZMA7kjPxm,top semanal @carrosdelsensei ZMA7kjPxm,tiktok,@carrosdelsensei,2025-11-05,,,,tiktok,no
100,https://www.tiktok.com/@relojesdelsensei/video/7571527652826254599,top semanal @relojesdelsensei 7571527652826254599,tiktok,@relojesdelsensei,2025-11-05,,,,tiktok,no
101,https://vt.tiktok.com/ZSUwo3Bs9,top semanal @habitosdelsensei ZSUwo3Bs9,tiktok,@habitosdelsensei,2025-08-01,,,,tiktok,no
102,https://vt.tiktok.com/ZSP2Bqpwp,top semanal @lasprimasdelsensei ZSP2Bqpwp,tiktok,@lasprimasdelsensei,2025-12-03,,,,tiktok,no
103,https://www.tiktok.com/@relojesdelsensei/video/7559651841139592504,top semanal @relojesdelsensei 7559651841139592504,tiktok,@relojesdelsensei,2025-10-09,,,,tiktok,no
104,https://www.instagram.com/p/DNiw5XWub5w/,top semanal cuenta sin dato DNiw5XWub5w,instagram,SIN DATO (CM: Fabiola),2025-08-15,,,,reel,no
105,https://www.instagram.com/p/DOY10EkDtGX/,top semanal cuenta sin dato DOY10EkDtGX,instagram,SIN DATO (CM: Fabiola),2025-09-05,,,,reel,no
106,https://www.tiktok.com/@senseisinpelo_/video/7551092996784016646,top semanal @senseisinpelo 7551092996784016646,tiktok,@senseisinpelo,2025-09-12,,,,tiktok,no
107,https://www.instagram.com/reel/DPoqN9yEXrt/,top semanal @frasesdelcalvito DPoqN9yEXrt,instagram,@frasesdelcalvito,2025-10-09,,,,reel,no
108,https://www.instagram.com/p/DOMJ_T4CfL9/,top semanal cuenta sin dato DOMJ_T4CfL9,instagram,SIN DATO (CM: Fabiola),2025-08-29,,,,reel,no
109,https://vt.tiktok.com/ZSUKqtfSC,top semanal @senseicontenidos ZSUKqtfSC,tiktok,@senseicontenidos,2025-08-22,,,,tiktok,no
110,https://vm.tiktok.com/ZMAgSdpXo,top semanal @senseirich_ ZMAgSdpXo,tiktok,@senseirich_,2025-09-12,,,,tiktok,no
111,https://www.youtube.com/shorts/dUon5oZmaFQ,top semanal @carrosdelsensei dUon5oZmaFQ,youtube,@carrosdelsensei,2025-09-26,,,,short,no
112,https://www.instagram.com/reel/DPWpEtugO2n/,top semanal cuenta sin dato DPWpEtugO2n,instagram,SIN DATO (CM: Valeria),2025-10-02,,,,reel,no
113,https://www.instagram.com/p/DNvqkJbXI3W/,top semanal cuenta sin dato DNvqkJbXI3W,instagram,SIN DATO (CM: Fabiola),2025-08-22,,,,reel,no
114,https://www.instagram.com/reel/DOd8gtFDd4Y/,top semanal @frasesdelcalvito DOd8gtFDd4Y,instagram,@frasesdelcalvito,2025-09-05,,,,reel,no
115,https://www.instagram.com/reel/DPhCjjFkWVw/,top semanal cuenta sin dato DPhCjjFkWVw,instagram,SIN DATO (CM: Valeria),2025-10-02,,,,reel,no
116,https://www.tiktok.com/@relojesdelsensei/video/7580771316303711495,top semanal @relojesdelsensei 7580771316303711495,tiktok,@relojesdelsensei,2025-12-03,,,,tiktok,no
117,https://www.instagram.com/reel/DNle6hFgc7L/,top semanal cuenta sin dato DNle6hFgc7L,instagram,SIN DATO (CM: Valeria),2025-08-15,,,,reel,no
118,https://www.instagram.com/reel/DN3W2x92vmM/,top semanal @frasesdelcalvito DN3W2x92vmM,instagram,@frasesdelcalvito,2025-08-22,,,,reel,no
119,https://vt.tiktok.com/ZSUKL3hAW,top semanal @senseimentalidad ZSUKL3hAW,tiktok,@senseimentalidad,2025-09-05,,,,tiktok,no
120,https://vm.tiktok.com/ZMAgkJbha,top semanal @senseielcoach ZMAgkJbha,tiktok,@senseielcoach,2025-08-29,,,,tiktok,no
121,https://vm.tiktok.com/ZMAgkFY7N,top semanal @senseielcoach ZMAgkFY7N,tiktok,@senseielcoach,2025-09-12,,,,tiktok,no
122,https://vm.tiktok.com/ZMAtVCqbf,top semanal @senseirich_ ZMAtVCqbf,tiktok,@senseirich_,2025-10-29,,,,tiktok,no
123,https://vm.tiktok.com/ZMAp3j9X7,top semanal @senseirich_ ZMAp3j9X7,tiktok,@senseirich_,2025-10-22,,,,tiktok,no
124,https://vm.tiktok.com/ZMAgkSvxF,top semanal @carrosdelsensei ZMAgkSvxF,tiktok,@carrosdelsensei,2025-08-15,,,,tiktok,no
125,https://vm.tiktok.com/ZMA3raUdy,top semanal @senseielcoach ZMA3raUdy,tiktok,@senseielcoach,2025-11-12,,,,tiktok,no
126,https://vt.tiktok.com/ZSU9RnevE,top semanal @senseialma ZSU9RnevE,tiktok,@senseialma,2025-08-08,,,,tiktok,no
127,https://vm.tiktok.com/ZMAosqC75,top semanal @senseielcoach ZMAosqC75,tiktok,@senseielcoach,2025-11-26,,,,tiktok,no
128,https://www.tiktok.com/@relojesdelsensei/video/7555558274964245816,top semanal @relojesdelsensei 7555558274964245816,tiktok,@relojesdelsensei,2025-09-26,,,,tiktok,no
129,https://www.instagram.com/reel/DOjN7EcgNZE/,top semanal cuenta sin dato DOjN7EcgNZE,instagram,SIN DATO (CM: Valeria),2025-08-18,,,,reel,no
130,https://www.instagram.com/reel/DOO3pl6kZUZ/,top semanal cuenta sin dato DOO3pl6kZUZ,instagram,SIN DATO (CM: Valeria),2025-09-05,,,,reel,no
131,https://www.youtube.com/shorts/2vELCMolSRU,top semanal @elsenseireel 2vELCMolSRU,youtube,@elsenseireel,2025-08-01,,,,short,no
132,https://vt.tiktok.com/ZSUKR9TvX,top semanal @habitosdelsensei ZSUKR9TvX,tiktok,@habitosdelsensei,2025-09-12,,,,tiktok,no
133,https://vm.tiktok.com/ZMAKev1wu,top semanal @carrosdelsensei ZMAKev1wu,tiktok,@carrosdelsensei,2025-11-19,,,,tiktok,no
134,https://www.instagram.com/reel/DPCC4pRAGV5/,top semanal cuenta sin dato DPCC4pRAGV5,instagram,SIN DATO (CM: Valeria),2025-09-19,,,,reel,no
135,https://www.instagram.com/reel/DPMU-kXgJXm/,top semanal cuenta sin dato DPMU-kXgJXm,instagram,SIN DATO (CM: Valeria),2025-09-26,,,,reel,no
136,https://www.instagram.com/p/DOOlE7aEYUJ/,top semanal @librosdelsensei DOOlE7aEYUJ,instagram,@librosdelsensei,2025-09-05,,,,reel,no
137,https://www.instagram.com/reel/DP9WNzUjUhL/,top semanal @frasesdelcalvito DP9WNzUjUhL,instagram,@frasesdelcalvito,2025-10-16,,,,reel,no
138,https://www.tiktok.com/@relojesdelsensei/video/7539988572250656056,top semanal @relojesdelsensei 7539988572250656056,tiktok,@relojesdelsensei,2025-08-15,,,,tiktok,no
139,https://vm.tiktok.com/ZMAgkDNhq,top semanal @carrosdelsensei ZMAgkDNhq,tiktok,@carrosdelsensei,2025-08-22,,,,tiktok,no
140,https://www.tiktok.com/@elsenseiprofe/video/7548141562077728006,top semanal @senseielprofesor 7548141562077728006,tiktok,@senseielprofesor,2025-09-05,,,,tiktok,no
141,https://www.instagram.com/reel/DPtyEskADpk/,top semanal cuenta sin dato DPtyEskADpk,instagram,SIN DATO (CM: Valeria),2025-10-09,,,,reel,no
142,https://vt.tiktok.com/ZSUEnxUa8,top semanal @senseialma ZSUEnxUa8,tiktok,@senseialma,2025-09-12,,,,tiktok,no
143,https://www.youtube.com/shorts/VHBK4fOc2dA,top semanal @elsenseireel VHBK4fOc2dA,youtube,@elsenseireel,2025-09-19,,,,short,no
144,https://www.instagram.com/reel/DNyO2MawHbe/,top semanal cuenta sin dato DNyO2MawHbe,instagram,SIN DATO (CM: Valeria),2025-08-22,,,,reel,no
145,https://www.youtube.com/shorts/xGb7WT8rJRc,top semanal @elsenseireel xGb7WT8rJRc,youtube,@elsenseireel,2025-08-08,,,,short,no
146,https://vt.tiktok.com/ZSyPcEC4c,top semanal @habitosdelsensei ZSyPcEC4c,tiktok,@habitosdelsensei,,,,,tiktok,no
147,https://www.instagram.com/reel/DQUb6DbkT-k/,top semanal @frasesdelcalvito DQUb6DbkT-k,instagram,@frasesdelcalvito,2025-10-22,,,,reel,no
148,https://www.instagram.com/reel/DRH3xD6jrrj/,top semanal @habitosdelsensei DRH3xD6jrrj,instagram,@habitosdelsensei,2025-11-12,,,,reel,no
149,https://vt.tiktok.com/ZSU92xpGW,top semanal @senseicontenidos ZSU92xpGW,tiktok,@senseicontenidos,2025-10-09,,,,tiktok,no
150,https://vt.tiktok.com/ZSUKNxgWc,top semanal @senseimentalidad ZSUKNxgWc,tiktok,@senseimentalidad,2025-09-19,,,,tiktok,no
151,https://vm.tiktok.com/ZMA9v5urC,top semanal @senseirich_ ZMA9v5urC,tiktok,@senseirich_,2025-09-26,,,,tiktok,no
152,https://www.tiktok.com/@librosdelsensei/video/7534787092266716422,top semanal @librosdelsensei 7534787092266716422,tiktok,@librosdelsensei,2025-08-01,,,,tiktok,no
153,https://www.instagram.com/p/DOykCa-EbzV/,top semanal @librosdelsensei DOykCa-EbzV,instagram,@librosdelsensei,2025-09-19,,,,reel,no
154,https://vt.tiktok.com/ZSUMvQGsB,top semanal @senseicontenidos ZSUMvQGsB,tiktok,@senseicontenidos,2025-10-02,,,,tiktok,no
155,https://www.tiktok.com/@elsenseiprofe/video/7558888571919142156,top semanal @senseielprofesor 7558888571919142156,tiktok,@senseielprofesor,2025-10-02,,,,tiktok,no
156,https://vt.tiktok.com/ZSUMKNwAD,top semanal @senseimentalidad ZSUMKNwAD,tiktok,@senseimentalidad,2025-09-26,,,,tiktok,no
157,https://www.youtube.com/shorts/FcsIcW77kNs,top semanal @elsenseireel FcsIcW77kNs,youtube,@elsenseireel,2025-09-12,,,,short,no
158,https://vt.tiktok.com/ZSUMwTVot,top semanal @habitosdelsensei ZSUMwTVot,tiktok,@habitosdelsensei,2025-09-26,,,,tiktok,no
159,https://www.tiktok.com/@senseisinpelo_/video/7561881210977389836,top semanal @senseisinpelo 7561881210977389836,tiktok,@senseisinpelo,2025-10-16,,,,tiktok,no
160,https://www.instagram.com/p/DN8idiRkTXR/,top semanal cuenta sin dato DN8idiRkTXR,instagram,SIN DATO (CM: Fabiola),2025-08-29,,,,reel,no
161,https://www.instagram.com/reel/DPy6iwkkQxJ/,top semanal cuenta sin dato DPy6iwkkQxJ,instagram,SIN DATO (CM: María),2025-10-09,,,,reel,no
162,https://vt.tiktok.com/ZSUr1v7vB,top semanal @senseialma ZSUr1v7vB,tiktok,@senseialma,2025-10-02,,,,tiktok,no
163,https://www.tiktok.com/@librosdelsensei/video/7568168277650705671,top semanal @librosdelsensei 7568168277650705671,tiktok,@librosdelsensei,2025-10-29,,,,tiktok,no
164,https://www.tiktok.com/@relojesdelsensei/video/7542559392911183110,top semanal @relojesdelsensei 7542559392911183110,tiktok,@relojesdelsensei,2025-08-22,,,,tiktok,no
165,https://www.instagram.com/p/DNyLyZ84tb6/,top semanal @librosdelsensei DNyLyZ84tb6,instagram,@librosdelsensei,2025-08-22,,,,reel,no
166,https://www.instagram.com/p/DNgShjrxhiT/,top semanal cuenta sin dato DNgShjrxhiT,instagram,SIN DATO (CM: Fabiola),2025-08-15,,,,reel,no
167,https://vt.tiktok.com/ZSUKdVeYn,top semanal @habitosdelsensei ZSUKdVeYn,tiktok,@habitosdelsensei,2025-08-29,,,,tiktok,no
168,https://www.instagram.com/reel/DQhRA5JkWPb/,top semanal @frasesdelcalvito DQhRA5JkWPb,instagram,@frasesdelcalvito,2025-10-29,,,,reel,no
169,https://www.instagram.com/reel/DNTWgdwtx_2/,top semanal @frasesdelcalvito DNTWgdwtx_2,instagram,@frasesdelcalvito,2025-08-08,,,,reel,no
170,https://www.tiktok.com/@elsenseiprofe/video/7534791960905731334,top semanal @senseielprofesor 7534791960905731334,tiktok,@senseielprofesor,2025-08-01,,,,tiktok,no
171,https://www.youtube.com/shorts/YJpocX3u02U,top semanal @relojesdelsensei YJpocX3u02U,youtube,@relojesdelsensei,2025-10-16,,,,short,no
172,https://vm.tiktok.com/ZMAKe4RcE,top semanal @senseirich_ ZMAKe4RcE,tiktok,@senseirich_,2025-11-19,,,,tiktok,no
173,https://www.instagram.com/reel/DP6onssEd0X/,top semanal cuenta sin dato DP6onssEd0X,instagram,SIN DATO (CM: María),2025-10-16,,,,reel,no
174,https://vm.tiktok.com/ZMAgSkWYW,top semanal @senseirich_ ZMAgSkWYW,tiktok,@senseirich_,2025-09-19,,,,tiktok,no
175,https://www.instagram.com/p/DNyNUmgYmqA/,top semanal cuenta sin dato DNyNUmgYmqA,instagram,SIN DATO (CM: Fabiola),2025-08-22,,,,reel,no
176,https://vm.tiktok.com/ZMAgS82mH,top semanal @senseirich_ ZMAgS82mH,tiktok,@senseirich_,2025-08-29,,,,tiktok,no
177,https://www.instagram.com/reel/DM8JFEDso8_/,top semanal @frasesdelcalvito DM8JFEDso8_,instagram,@frasesdelcalvito,2025-08-01,,,,reel,no
178,https://vm.tiktok.com/ZMA3rVgo6,top semanal @carrosdelsensei ZMA3rVgo6,tiktok,@carrosdelsensei,2025-11-12,,,,tiktok,no
179,https://www.instagram.com/reel/DNgPzGLRdVm/,top semanal @frasesdelcalvito DNgPzGLRdVm,instagram,@frasesdelcalvito,2025-08-15,,,,reel,no
180,https://www.tiktok.com/@elsenseiprofe/video/7569644335143128328,top semanal @senseielprofesor 7569644335143128328,tiktok,@senseielprofesor,2025-11-05,,,,tiktok,no
181,https://www.tiktok.com/@relojesdelsensei/video/7548140404135251206,top semanal @relojesdelsensei 7548140404135251206,tiktok,@relojesdelsensei,2025-09-05,,,,tiktok,no
182,https://www.instagram.com/p/DOoWNeYkWaD/,top semanal @librosdelsensei DOoWNeYkWaD,instagram,@librosdelsensei,2025-09-12,,,,reel,no
183,https://vm.tiktok.com/ZMA7kj4bG,top semanal @senseirich_ ZMA7kj4bG,tiktok,@senseirich_,2025-11-05,,,,tiktok,no
184,https://www.instagram.com/p/DNBWiq6ujOp/,top semanal cuenta sin dato DNBWiq6ujOp,instagram,SIN DATO (CM: Fabiola),2025-08-01,,,,reel,no
185,https://www.youtube.com/shorts/qzRr8DAtC_8,top semanal @elsenseireel qzRr8DAtC_8,youtube,@elsenseireel,2025-09-05,,,,short,no
186,https://www.youtube.com/shorts/gE_ldG4fU0w,top semanal @elsenseireel gE_ldG4fU0w,youtube,@elsenseireel,2025-08-22,,,,short,no
187,https://vm.tiktok.com/ZMAgSyHX9,top semanal @senseirich_ ZMAgSyHX9,tiktok,@senseirich_,2025-08-22,,,,tiktok,no
188,https://www.youtube.com/shorts/SgJegZ_AWfw,top semanal @relojesdelsensei SgJegZ_AWfw,youtube,@relojesdelsensei,2025-10-29,,,,short,no
189,https://vt.tiktok.com/ZSUo25ck3,top semanal @frasesdelsensei ZSUo25ck3,tiktok,@frasesdelsensei,2025-08-01,,,,tiktok,no
190,https://vm.tiktok.com/ZMAosxmqo,top semanal @senseirich_ ZMAosxmqo,tiktok,@senseirich_,2025-11-26,,,,tiktok,no
191,https://www.tiktok.com/@elsenseiprofe/video/7567057608507542802,top semanal @senseielprofesor 7567057608507542802,tiktok,@senseielprofesor,2025-10-29,,,,tiktok,no
192,https://www.instagram.com/p/DNlf4puxb08/,top semanal @librosdelsensei DNlf4puxb08,instagram,@librosdelsensei,2025-08-15,,,,reel,no
193,https://www.tiktok.com/@senseisinpelo_/video/7560001861957209400,top semanal @senseisinpelo 7560001861957209400,tiktok,@senseisinpelo,2025-10-09,,,,tiktok,no
194,https://www.instagram.com/p/DM5qWI-R3N0/,top semanal cuenta sin dato DM5qWI-R3N0,instagram,SIN DATO (CM: Fabiola),2025-08-01,,,,reel,no
195,https://www.instagram.com/p/DOEQrUfkRKd/,top semanal @librosdelsensei DOEQrUfkRKd,instagram,@librosdelsensei,2025-08-29,,,,reel,no
196,https://www.tiktok.com/@elsenseiprofe/video/7536279586036829445,top semanal @senseielprofesor 7536279586036829445,tiktok,@senseielprofesor,2025-08-08,,,,tiktok,no
197,https://www.instagram.com/reel/DM-xoxdAKRh/,top semanal cuenta sin dato DM-xoxdAKRh,instagram,SIN DATO (CM: Valeria),2025-08-01,,,,reel,no
198,https://www.instagram.com/reel/DQwxLAgEQ4S/,top semanal @frasesdelcalvito DQwxLAgEQ4S,instagram,@frasesdelcalvito,2025-11-05,,,,reel,no
199,https://vt.tiktok.com/ZSUMGoGGF,top semanal @frasesdelsensei ZSUMGoGGF,tiktok,@frasesdelsensei,2025-10-02,,,,tiktok,no
200,https://www.youtube.com/shorts/8gnycU0RDKA,top semanal @senseielcoach 8gnycU0RDKA,youtube,@senseielcoach,2025-09-12,,,,short,no
201,https://www.instagram.com/reel/DOyrx6NgUaC/,top semanal cuenta sin dato DOyrx6NgUaC,instagram,SIN DATO (CM: María),2025-09-19,,,,reel,no
202,https://www.instagram.com/reel/DQo9sn7Dga_/,top semanal @habitosdelsensei DQo9sn7Dga_,instagram,@habitosdelsensei,2025-10-29,,,,reel,no
203,https://www.tiktok.com/@elsenseiprofe/video/7572615175811976455,top semanal @senseielprofesor 7572615175811976455,tiktok,@senseielprofesor,2025-11-12,,,,tiktok,no
204,https://www.instagram.com/reel/DRnBQ0NEdKP/,top semanal @frasesdelcalvito DRnBQ0NEdKP,instagram,@frasesdelcalvito,2025-11-26,,,,reel,no
205,https://www.tiktok.com/t/ZP8AXEmpu,top semanal @senseideverdad t,tiktok,@senseideverdad,2025-10-09,,,,tiktok,no
206,https://vt.tiktok.com/ZSfuP1n9w,top semanal @lasprimasdelsensei ZSfuP1n9w,tiktok,@lasprimasdelsensei,2025-11-19,,,,tiktok,no
207,https://vt.tiktok.com/ZSUEtWqR1,top semanal @senseialma ZSUEtWqR1,tiktok,@senseialma,2025-09-05,,,,tiktok,no
208,https://www.instagram.com/p/DNOPuCSRySK/,top semanal cuenta sin dato DNOPuCSRySK,instagram,SIN DATO (CM: Fabiola),2025-08-08,,,,reel,no
209,https://www.youtube.com/shorts/0x1zxO3NRHs,top semanal @elsenseireel 0x1zxO3NRHs,youtube,@elsenseireel,2025-08-15,,,,short,no
210,https://www.instagram.com/p/DM5pKUZR2L4/,top semanal @librosdelsensei DM5pKUZR2L4,instagram,@librosdelsensei,2025-08-01,,,,reel,no
211,https://www.tiktok.com/@elsenseiprofe/video/7549985700385524998,top semanal @senseielprofesor 7549985700385524998,tiktok,@senseielprofesor,2025-09-12,,,,tiktok,no
212,https://www.youtube.com/shorts/a_C1Yo5P4dY,top semanal @relojesdelsensei a_C1Yo5P4dY,youtube,@relojesdelsensei,2025-12-03,,,,short,no
213,https://vt.tiktok.com/ZSUKRPj8S,top semanal @habitosdelsensei ZSUKRPj8S,tiktok,@habitosdelsensei,2025-09-19,,,,tiktok,no
214,https://www.youtube.com/shorts/Cfi3DOZ9GUU,top semanal @senseielcoach Cfi3DOZ9GUU,youtube,@senseielcoach,2025-09-05,,,,short,no
215,https://vm.tiktok.com/ZMAgkJNNL,top semanal @senseielcoach ZMAgkJNNL,tiktok,@senseielcoach,2025-09-19,,,,tiktok,no
216,https://www.youtube.com/shorts/7cxC24ieHkA,top semanal @elsenseireel 7cxC24ieHkA,youtube,@elsenseireel,2025-10-16,,,,short,no
217,https://www.instagram.com/reel/DQrm9FVEa7Q/,top semanal @senseialma DQrm9FVEa7Q,instagram,@senseialma,2025-11-07,,,,reel,no
218,https://www.instagram.com/reel/DNOYSzaz9ul/,top semanal @senseialma DNOYSzaz9ul,instagram,@senseialma,2025-08-08,,,,reel,no
219,https://www.instagram.com/p/DPg7GErEZg1/,top semanal @librosdelsensei DPg7GErEZg1,instagram,@librosdelsensei,2025-10-02,,,,reel,no
220,https://www.youtube.com/shorts/pm8rer99xwA,top semanal @relojesdelsensei pm8rer99xwA,youtube,@relojesdelsensei,2025-11-05,,,,short,no
221,https://vm.tiktok.com/ZMA3rfjDE,top semanal @senseirich_ ZMA3rfjDE,tiktok,@senseirich_,2025-11-12,,,,tiktok,no
222,https://vm.tiktok.com/ZMAgSDku6,top semanal @senseirich_ ZMAgSDku6,tiktok,@senseirich_,2025-08-01,,,,tiktok,no
223,https://www.tiktok.com/@librosdelsensei/video/7559997869021777164,top semanal @librosdelsensei 7559997869021777164,tiktok,@librosdelsensei,2025-10-15,,,,tiktok,no
224,https://www.youtube.com/shorts/-sdJA1Pde-M,top semanal @senseielcoach -sdJA1Pde-M,youtube,@senseielcoach,2025-08-15,,,,short,no
225,https://www.instagram.com/reel/DNcHt-fBUg8/,top semanal cuenta sin dato DNcHt-fBUg8,instagram,SIN DATO (CM: María),2025-08-15,,,,reel,no
226,https://vt.tiktok.com/ZSfWTGVep,top semanal @frasesdelsensei ZSfWTGVep,tiktok,@frasesdelsensei,2025-11-26,,,,tiktok,no
227,https://www.instagram.com/reel/DN5hBLxASyZ/,top semanal cuenta sin dato DN5hBLxASyZ,instagram,SIN DATO (CM: María),2025-08-22,,,,reel,no
228,https://www.tiktok.com/@librosdelsensei/video/7537375501665684742,top semanal @librosdelsensei 7537375501665684742,tiktok,@librosdelsensei,2025-08-08,,,,tiktok,no
229,https://www.youtube.com/shorts/y3ntKJBxP04,top semanal @senseielcoach y3ntKJBxP04,youtube,@senseielcoach,2025-08-08,,,,short,no
230,https://vt.tiktok.com/ZSUK1FYv7,top semanal @habitosdelsensei ZSUK1FYv7,tiktok,@habitosdelsensei,2025-08-15,,,,tiktok,no
231,https://vt.tiktok.com/ZSUo2yj4F,top semanal @frasesdelsensei ZSUo2yj4F,tiktok,@frasesdelsensei,2025-08-08,,,,tiktok,no
232,https://www.instagram.com/p/DPzC2WREfnh/,top semanal cuenta sin dato DPzC2WREfnh,instagram,SIN DATO (CM: Fabiola),2025-10-09,,,,reel,no
233,https://www.tiktok.com/@relojesdelsensei/video/7545164996968336645,top semanal @relojesdelsensei 7545164996968336645,tiktok,@relojesdelsensei,2025-08-29,,,,tiktok,no
234,https://www.tiktok.com/@librosdelsensei/video/7565186731260054802,top semanal @librosdelsensei 7565186731260054802,tiktok,@librosdelsensei,2025-10-22,,,,tiktok,no
235,https://www.instagram.com/reel/DQwvRpPjlCB/,top semanal @habitosdelsensei DQwvRpPjlCB,instagram,@habitosdelsensei,2025-11-05,,,,reel,no
236,https://www.instagram.com/p/DPrNpDlES4g/,top semanal @librosdelsensei DPrNpDlES4g,instagram,@librosdelsensei,2025-10-09,,,,reel,no
237,https://www.tiktok.com/@elsenseiprofe/video/7555922209626262795,top semanal @senseielprofesor 7555922209626262795,tiktok,@senseielprofesor,2025-09-26,,,,tiktok,no
238,https://www.instagram.com/reel/DOCvOqDE9zZ/,top semanal @habitosdelsensei DOCvOqDE9zZ,instagram,@habitosdelsensei,2025-08-29,,,,reel,no
239,https://www.instagram.com/reel/DP4JAp6gKsi/,top semanal cuenta sin dato DP4JAp6gKsi,instagram,SIN DATO (CM: Valeria),2025-10-16,,,,reel,no
240,https://www.youtube.com/shorts/NfWGlomTHj0,top semanal @senseisinpelo NfWGlomTHj0,youtube,@senseisinpelo,2025-08-01,,,,short,no
241,https://www.instagram.com/reel/DONEGQTAZv7/,top semanal cuenta sin dato DONEGQTAZv7,instagram,SIN DATO (CM: María),2025-08-29,,,,reel,no
242,https://www.instagram.com/reel/DOCuKgRk0Tt/,top semanal @senseialma DOCuKgRk0Tt,instagram,@senseialma,2025-08-29,,,,reel,no
243,https://vt.tiktok.com/ZSUEupDNv,top semanal @alestilodelsensei ZSUEupDNv,tiktok,@alestilodelsensei,2025-09-12,,,,tiktok,no
244,https://www.instagram.com/reel/DPotCkFkQM5/,top semanal cuenta sin dato DPotCkFkQM5,instagram,SIN DATO (CM: Valeria),2025-10-09,,,,reel,no
245,https://vt.tiktok.com/ZSUK8Y8wB,top semanal @senseimentalidad ZSUK8Y8wB,tiktok,@senseimentalidad,2025-08-01,,,,tiktok,no
246,https://www.tiktok.com/@librosdelsensei/video/7542209237632683270,top semanal @librosdelsensei 7542209237632683270,tiktok,@librosdelsensei,2025-08-22,,,,tiktok,no
247,https://vt.tiktok.com/ZSUKqjkEe,top semanal @Lavozdelsensei ZSUKqjkEe,tiktok,@Lavozdelsensei,2025-09-19,,,,tiktok,no
248,https://vt.tiktok.com/ZSfuPUgsJ,top semanal @senseialma ZSfuPUgsJ,tiktok,@senseialma,2025-11-19,,,,tiktok,no
249,https://www.tiktok.com/@librosdelsensei/video/7562987324326415624,top semanal @librosdelsensei 7562987324326415624,tiktok,@librosdelsensei,2025-10-16,,,,tiktok,no
250,https://www.tiktok.com/@senseisinpelo_/video/7547009402289605893,top semanal @senseisinpelo 7547009402289605893,tiktok,@senseisinpelo,2025-09-05,,,,tiktok,no
251,https://www.instagram.com/reel/DPokLhhjiOI/,top semanal @habitosdelsensei DPokLhhjiOI,instagram,@habitosdelsensei,2025-10-09,,,,reel,no
252,https://www.youtube.com/shorts/xzopsiUk_Is,top semanal @senseielcoach xzopsiUk_Is,youtube,@senseielcoach,2025-11-26,,,,short,no
253,https://www.tiktok.com/@senseielsabio/video/7554427266042694924,top semanal @senseielsabio 7554427266042694924,tiktok,@senseielsabio,2025-10-02,,,,tiktok,no
254,https://www.instagram.com/reel/DNexgHizBlS/,top semanal @senseialma DNexgHizBlS,instagram,@senseialma,2025-08-15,,,,reel,no
255,https://www.instagram.com/reel/DOjCQ0TAZT7/,top semanal cuenta sin dato DOjCQ0TAZT7,instagram,SIN DATO (CM: María),2025-09-12,,,,reel,no
256,https://www.instagram.com/p/DP4PJs-EStg/,top semanal cuenta sin dato DP4PJs-EStg,instagram,SIN DATO (CM: Fabiola),2025-10-16,,,,reel,no
257,https://vt.tiktok.com/ZSfNckUhN,top semanal @senseialma ZSfNckUhN,tiktok,@senseialma,2025-11-12,,,,tiktok,no
258,https://vt.tiktok.com/ZSP2SF528,top semanal @habitosdelsensei ZSP2SF528,tiktok,@habitosdelsensei,2025-12-03,,,,tiktok,no
259,https://www.instagram.com/p/DQKDuKSkWPG/,top semanal @librosdelsensei DQKDuKSkWPG,instagram,@librosdelsensei,2025-10-22,,,,reel,no
260,https://www.instagram.com/p/DPUF0-ZEVxG/,top semanal cuenta sin dato DPUF0-ZEVxG,instagram,SIN DATO (CM: Fabiola),2025-09-26,,,,reel,no
261,https://vt.tiktok.com/ZSyP3Bbnr,top semanal @senseialma ZSyP3Bbnr,tiktok,@senseialma,,,,,tiktok,no
262,https://www.youtube.com/shorts/sNsWELBX0RM,top semanal @elsenseireel sNsWELBX0RM,youtube,@elsenseireel,2025-08-29,,,,short,no
263,https://www.tiktok.com/@elsenseiprofe/video/7566313612394974472,top semanal @senseielprofesor 7566313612394974472,tiktok,@senseielprofesor,2025-10-22,,,,tiktok,no
264,https://www.instagram.com/p/DOluIBIkVDg/,top semanal cuenta sin dato DOluIBIkVDg,instagram,SIN DATO (CM: Fabiola),2025-09-12,,,,reel,no
265,https://www.instagram.com/reel/DNDyQZBzqn7/,top semanal @senseialma DNDyQZBzqn7,instagram,@senseialma,2025-08-01,,,,reel,no
266,https://vt.tiktok.com/ZSUEWPupw,top semanal @senseialma ZSUEWPupw,tiktok,@senseialma,2025-09-19,,,,tiktok,no
267,https://www.instagram.com/reel/DOcNhPpgdAw/,top semanal cuenta sin dato DOcNhPpgdAw,instagram,SIN DATO (CM: María),2025-09-05,,,,reel,no
268,https://www.tiktok.com/@elsenseiprofe/video/7539607872037031173,top semanal @senseielprofesor 7539607872037031173,tiktok,@senseielprofesor,2025-08-15,,,,tiktok,no
269,https://www.tiktok.com/@librosdelsensei/video/7543683132420050232,top semanal @librosdelsensei 7543683132420050232,tiktok,@librosdelsensei,2025-08-29,,,,tiktok,no
270,https://www.tiktok.com/@relojesdelsensei/video/7551835234166197516,top semanal @relojesdelsensei 7551835234166197516,tiktok,@relojesdelsensei,2025-09-12,,,,tiktok,no
271,https://www.youtube.com/shorts/fZK4NXXxYoA,top semanal @senseisinpelo fZK4NXXxYoA,youtube,@senseisinpelo,2025-08-08,,,,short,no
272,https://www.tiktok.com/@librosdelsensei/video/7548136724229016837,top semanal @librosdelsensei 7548136724229016837,tiktok,@librosdelsensei,2025-09-05,,,,tiktok,no
273,https://www.instagram.com/reel/DRpT1umDYoI/,top semanal @senseialma DRpT1umDYoI,instagram,@senseialma,2025-11-26,,,,reel,no
274,https://www.instagram.com/reel/DPomlidjaQ8/,top semanal @senseialma DPomlidjaQ8,instagram,@senseialma,2025-10-09,,,,reel,no
275,https://www.tiktok.com/@librosdelsensei/video/7539605085219802373,top semanal @librosdelsensei 7539605085219802373,tiktok,@librosdelsensei,2025-08-15,,,,tiktok,no
276,https://www.instagram.com/reel/DRcn1hEEYg7/,top semanal cuenta sin dato DRcn1hEEYg7,instagram,SIN DATO (CM: María),2025-11-19,,,,reel,no
277,https://www.youtube.com/shorts/lnIkpMC8uOI,top semanal @habitosdelsensei lnIkpMC8uOI,youtube,@habitosdelsensei,2025-11-05,,,,short,no
278,https://www.youtube.com/shorts/gRgkQEjC5Yk,top semanal @elsenseireel gRgkQEjC5Yk,youtube,@elsenseireel,2025-11-12,,,,short,no
279,https://www.instagram.com/reel/DNzLD_WZhko/,top semanal @habitosdelsensei DNzLD_WZhko,instagram,@habitosdelsensei,2025-08-22,,,,reel,no
280,https://vt.tiktok.com/ZSUKdxkm2,top semanal @habitosdelsensei ZSUKdxkm2,tiktok,@habitosdelsensei,2025-08-22,,,,tiktok,no
281,https://www.instagram.com/reel/DNpBGP7z36K/,top semanal @habitosdelsensei DNpBGP7z36K,instagram,@habitosdelsensei,2025-08-15,,,,reel,no
282,https://www.instagram.com/reel/DNQ0MblTTCQ/,top semanal @habitosdelsensei DNQ0MblTTCQ,instagram,@habitosdelsensei,2025-08-08,,,,reel,no
283,https://vm.tiktok.com/ZMAgS5dk9,top semanal @senseirich_ ZMAgS5dk9,tiktok,@senseirich_,2025-08-08,,,,tiktok,no
284,https://www.youtube.com/shorts/opV_4NLhbMA,top semanal @senseielcoach opV_4NLhbMA,youtube,@senseielcoach,2025-10-02,,,,short,no
285,https://www.tiktok.com/@librosdelsensei/video/7580415063002008850,top semanal @librosdelsensei 7580415063002008850,tiktok,@librosdelsensei,2025-12-03,,,,tiktok,no
286,https://www.instagram.com/reel/DNsx_JG5nru/,top semanal @senseialma DNsx_JG5nru,instagram,@senseialma,2025-08-22,,,,reel,no
287,https://vt.tiktok.com/ZSUEVvUEX,top semanal @senseialma ZSUEVvUEX,tiktok,@senseialma,2025-08-15,,,,tiktok,no
288,https://www.instagram.com/p/DQcI9u5kWNI/,top semanal @librosdelsensei DQcI9u5kWNI,instagram,@librosdelsensei,2025-10-29,,,,reel,no
289,https://www.tiktok.com/@elsenseiprofe/video/7575233373153643783,top semanal @senseielprofesor 7575233373153643783,tiktok,@senseielprofesor,2025-11-19,,,,tiktok,no
290,https://www.instagram.com/reel/DOtGN9-E7VA/,top semanal @habitosdelsensei DOtGN9-E7VA,instagram,@habitosdelsensei,2025-09-12,,,,reel,no
291,https://vm.tiktok.com/ZMA97gLYK,top semanal @senseielcoach ZMA97gLYK,tiktok,@senseielcoach,2025-09-26,,,,tiktok,no
292,https://www.youtube.com/shorts/4eJgN2NLm6k,top semanal @relojesdelsensei 4eJgN2NLm6k,youtube,@relojesdelsensei,2025-11-19,,,,short,no
293,https://www.instagram.com/p/DP_8BC0EfO8/,top semanal @librosdelsensei DP_8BC0EfO8,instagram,@librosdelsensei,2025-10-16,,,,reel,no
294,https://vt.tiktok.com/ZSynJBRmP,top semanal @senseialma ZSynJBRmP,tiktok,@senseialma,2025-11-05,,,,tiktok,no
295,https://www.tiktok.com/@elsenseiprofe/video/7578164055945284882,top semanal @senseielprofesor 7578164055945284882,tiktok,@senseielprofesor,2025-11-26,,,,tiktok,no
296,https://www.youtube.com/shorts/0Lcit1MTfbA,top semanal @relojesdelsensei 0Lcit1MTfbA,youtube,@relojesdelsensei,2025-11-12,,,,short,no
297,https://www.tiktok.com/@librosdelsensei/video/7571152115423366408,top semanal @librosdelsensei 7571152115423366408,tiktok,@librosdelsensei,2025-11-05,,,,tiktok,no
298,https://www.tiktok.com/@elsenseiprofe/video/7552971019061972236,top semanal @senseielprofesor 7552971019061972236,tiktok,@senseielprofesor,2025-09-19,,,,tiktok,no
299,https://www.instagram.com/reel/DRpSIeLDnE3/,top semanal cuenta sin dato DRpSIeLDnE3,instagram,SIN DATO (CM: Maria),2025-11-26,,,,reel,no
300,https://www.youtube.com/shorts/OF5MVZlUTMQ,top semanal @senseisinpelo OF5MVZlUTMQ,youtube,@senseisinpelo,2025-08-15,,,,short,no
301,https://vt.tiktok.com/ZSU9YnsJ1,top semanal @alestilodelsensei ZSU9YnsJ1,tiktok,@alestilodelsensei,2025-10-09,,,,tiktok,no
302,https://www.tiktok.com/@senseisinpelo_/video/7535520706864434438,top semanal @senseisinpelo 7535520706864434438,tiktok,@senseisinpelo,2025-08-01,,,,tiktok,no
303,https://www.tiktok.com/@librosdelsensei/video/7572244190067756296,top semanal @librosdelsensei 7572244190067756296,tiktok,@librosdelsensei,2025-11-12,,,,tiktok,no
304,https://www.tiktok.com/@senseisinpelo_/video/7556659190165409035,top semanal @senseisinpelo 7556659190165409035,tiktok,@senseisinpelo,2025-10-02,,,,tiktok,no
305,https://www.instagram.com/reel/DRkWbEukedf/,top semanal cuenta sin dato DRkWbEukedf,instagram,SIN DATO (CM: Fabiola),2025-11-26,,,,reel,no
306,https://www.instagram.com/reel/DOcN9WXk6qk/,top semanal @habitosdelsensei DOcN9WXk6qk,instagram,@habitosdelsensei,2025-09-05,,,,reel,no
307,https://vt.tiktok.com/ZSUK8rMTS,top semanal @senseimentalidad ZSUK8rMTS,tiktok,@senseimentalidad,2025-08-08,,,,tiktok,no
308,https://vt.tiktok.com/ZSUEtb4Uq,top semanal @senseialma ZSUEtb4Uq,tiktok,@senseialma,2025-08-29,,,,tiktok,no
309,https://vt.tiktok.com/ZSy5FqNyP,top semanal @frasesdelsensei ZSy5FqNyP,tiktok,@frasesdelsensei,2025-10-29,,,,tiktok,no
310,https://vt.tiktok.com/ZSyn1oVu7,top semanal @lasprimasdelsensei ZSyn1oVu7,tiktok,@lasprimasdelsensei,2025-11-05,,,,tiktok,no
311,https://vt.tiktok.com/ZSfWggFXD,top semanal @senseialma ZSfWggFXD,tiktok,@senseialma,2025-11-26,,,,tiktok,no
312,https://www.youtube.com/shorts/FVyYCBtRibY,top semanal @habitosdelsensei FVyYCBtRibY,youtube,@habitosdelsensei,2025-08-29,,,,short,no
313,https://www.tiktok.com/@relojesdelsensei/video/7554064661394558264,top semanal @relojesdelsensei 7554064661394558264,tiktok,@relojesdelsensei,2025-09-19,,,,tiktok,no
314,https://www.instagram.com/reel/DQCZwlcjsRJ/,top semanal cuenta sin dato DQCZwlcjsRJ,instagram,SIN DATO (CM: Valeria),2025-10-16,,,,reel,no
315,https://vt.tiktok.com/ZSUMKfNH2,top semanal @senseialma ZSUMKfNH2,tiktok,@senseialma,2025-09-26,,,,tiktok,no
316,https://www.instagram.com/p/DQzCgLpEbau/,top semanal @librosdelsensei DQzCgLpEbau,instagram,@librosdelsensei,2025-11-05,,,,reel,no
317,https://www.instagram.com/reel/DQjxmYekRfy/,top semanal @senseialma DQjxmYekRfy,instagram,@senseialma,2025-10-29,,,,reel,no
318,https://www.instagram.com/reel/DNTbOzbhKd-/,top semanal cuenta sin dato DNTbOzbhKd-,instagram,SIN DATO (CM: María),2025-08-08,,,,reel,no
319,https://vt.tiktok.com/ZSUM7nhe9,top semanal @senseicontenidos ZSUM7nhe9,tiktok,@senseicontenidos,2025-09-26,,,,tiktok,no
320,https://www.tiktok.com/@librosdelsensei/video/7557033488998763788,top semanal @librosdelsensei 7557033488998763788,tiktok,@librosdelsensei,2025-10-02,,,,tiktok,no
321,http://www.youtube.com/shorts/shuwGIsIn7U,top semanal @relojesdelsensei shuwGIsIn7U,youtube,@relojesdelsensei,2025-11-26,,,,short,no
322,https://vt.tiktok.com/ZSUKNdrcG,top semanal @senseimentalidad ZSUKNdrcG,tiktok,@senseimentalidad,2025-09-12,,,,tiktok,no
323,https://www.youtube.com/shorts/dEbBMT3P32s,top semanal @elsenseireel dEbBMT3P32s,youtube,@elsenseireel,2025-11-19,,,,short,no
324,https://www.youtube.com/shorts/QXyCzLVoamE,top semanal @senseialma QXyCzLVoamE,youtube,@senseialma,2025-08-01,,,,short,no
325,https://vm.tiktok.com/ZMAgSYA1L,top semanal @senseirich_ ZMAgSYA1L,tiktok,@senseirich_,2025-08-15,,,,tiktok,no
326,https://vm.tiktok.com/ZMAXkYQeB,top semanal @Lavozdelsensei ZMAXkYQeB,tiktok,@Lavozdelsensei,2025-10-09,,,,tiktok,no
327,https://www.tiktok.com/t/ZP8AAgs8w,top semanal @senseideverdad t,tiktok,@senseideverdad,2025-10-02,,,,tiktok,no
328,https://www.instagram.com/reel/DQKLbJ3kSQO/,top semanal @senseialma DQKLbJ3kSQO,instagram,@senseialma,2025-10-22,,,,reel,no
329,https://www.instagram.com/reel/DO6cRL9Dtv6/,top semanal @habitosdelsensei DO6cRL9Dtv6,instagram,@habitosdelsensei,2025-09-19,,,,reel,no
330,https://www.instagram.com/reel/DRaDK6wEUhf/,top semanal @frasesdelcalvito DRaDK6wEUhf,instagram,@frasesdelcalvito,2025-11-19,,,,reel,no
331,https://www.instagram.com/p/DNTWzz9RxX7/,top semanal @librosdelsensei DNTWzz9RxX7,instagram,@librosdelsensei,2025-08-08,,,,reel,no
332,https://vt.tiktok.com/ZSyP3LaH4,top semanal @lasprimasdelsensei ZSyP3LaH4,tiktok,@lasprimasdelsensei,2025-10-29,,,,tiktok,no
333,https://www.instagram.com/reel/DO83OwnjbgK/,top semanal @senseialma DO83OwnjbgK,instagram,@senseialma,2025-09-19,,,,reel,no
334,https://www.tiktok.com/@librosdelsensei/video/7551464009472560396,top semanal @librosdelsensei 7551464009472560396,tiktok,@librosdelsensei,2025-09-12,,,,tiktok,no
335,https://vt.tiktok.com/ZSP2SMfu8,top semanal @senseialma ZSP2SMfu8,tiktok,@senseialma,2025-12-03,,,,tiktok,no
336,https://vt.tiktok.com/ZSUKFxQVn,top semanal @senseimentalidad ZSUKFxQVn,tiktok,@senseimentalidad,2025-08-22,,,,tiktok,no
337,https://www.instagram.com/reel/DOvmG2qExmn/,top semanal @senseialma DOvmG2qExmn,instagram,@senseialma,2025-09-12,,,,reel,no
338,https://www.tiktok.com/@librosdelsensei/video/7578160247437528338,top semanal @librosdelsensei 7578160247437528338,tiktok,@librosdelsensei,2025-11-26,,,,tiktok,no
339,https://www.instagram.com/p/DM8T6Uux2rs/,top semanal cuenta sin dato DM8T6Uux2rs,instagram,SIN DATO (CM: Fabiola),2025-08-01,,,,reel,no
340,https://vt.tiktok.com/ZSyLDUkxk,top semanal @senseialma ZSyLDUkxk,tiktok,@senseialma,2025-10-22,,,,tiktok,no
341,https://www.youtube.com/shorts/iwAaRHYFTqs,top semanal @lasprimasdelsensei iwAaRHYFTqs,youtube,@lasprimasdelsensei,2025-11-05,,,,short,no
342,https://www.instagram.com/reel/DQ9hjWbjkek/,top semanal cuenta sin dato DQ9hjWbjkek,instagram,SIN DATO (CM: María),2025-11-12,,,,reel,no
343,https://www.youtube.com/shorts/QZ5ky6NSGvA,top semanal @habitosdelsensei QZ5ky6NSGvA,youtube,@habitosdelsensei,2025-08-15,,,,short,no
344,https://www.tiktok.com/@librosdelsensei/video/7574835136546721031,top semanal @librosdelsensei 7574835136546721031,tiktok,@librosdelsensei,2025-11-19,,,,tiktok,no
345,https://vt.tiktok.com/ZSynJ89QA,top semanal @habitosdelsensei ZSynJ89QA,tiktok,@habitosdelsensei,2025-11-05,,,,tiktok,no
346,https://www.instagram.com/reel/DQRyDXaEQeD/,top semanal cuenta sin dato DQRyDXaEQeD,instagram,SIN DATO (CM: Valeria),2025-10-22,,,,reel,no
347,https://www.instagram.com/p/DOgm0ngDhtX/,top semanal cuenta sin dato DOgm0ngDhtX,instagram,SIN DATO (CM: Fabiola),2025-09-12,,,,reel,no
348,https://www.instagram.com/reel/DNDzQV6TG65/,top semanal @habitosdelsensei DNDzQV6TG65,instagram,@habitosdelsensei,2025-08-01,,,,reel,no
349,https://vt.tiktok.com/ZSfNDDjXj,top semanal @habitosdelsensei ZSfNDDjXj,tiktok,@habitosdelsensei,2025-11-12,,,,tiktok,no
350,https://www.tiktok.com/@elsenseiprofe/video/7542221257798946104,top semanal @senseielprofesor 7542221257798946104,tiktok,@senseielprofesor,2025-08-22,,,,tiktok,no
351,https://www.instagram.com/p/DNGolJTsunA/,top semanal cuenta sin dato DNGolJTsunA,instagram,SIN DATO (CM: Fabiola),2025-08-08,,,,reel,no
352,https://vt.tiktok.com/ZSyLpMVMh,top semanal @frasesdelsensei ZSyLpMVMh,tiktok,@frasesdelsensei,2025-10-22,,,,tiktok,no
353,https://vt.tiktok.com/ZSUo2sLKJ,top semanal @frasesdelsensei ZSUo2sLKJ,tiktok,@frasesdelsensei,2025-09-05,,,,tiktok,no
354,https://www.instagram.com/p/DRxJL4CkSG7/,top semanal @librosdelsensei DRxJL4CkSG7,instagram,@librosdelsensei,2025-11-26,,,,reel,no
355,https://www.tiktok.com/@elsenseiprofe/video/7546309978336840965,top semanal @senseielprofesor 7546309978336840965,tiktok,@senseielprofesor,2025-08-29,,,,tiktok,no
356,https://vt.tiktok.com/ZSfuPdWbL,top semanal @habitosdelsensei ZSfuPdWbL,tiktok,@habitosdelsensei,2025-11-19,,,,tiktok,no
357,https://www.instagram.com/reel/DQW_uOskczV/,top semanal cuenta sin dato DQW_uOskczV,instagram,SIN DATO (CM: Fabiola),2025-10-22,,,,reel,no
358,https://www.instagram.com/reel/DOPcrnukzEq/,top semanal @senseialma DOPcrnukzEq,instagram,@senseialma,2025-09-05,,,,reel,no
359,https://www.instagram.com/reel/DRaHTJXiUsR/,top semanal cuenta sin dato DRaHTJXiUsR,instagram,SIN DATO (CM: María),2025-11-19,,,,reel,no
360,https://vt.tiktok.com/ZSP2S996r,top semanal @elsenseireel ZSP2S996r,tiktok,@elsenseireel,2025-12-03,,,,tiktok,no
361,https://www.youtube.com/shorts/tYrlioPedjc,top semanal @elsenseireel tYrlioPedjc,youtube,@elsenseireel,2025-12-03,,,,short,no
362,https://www.instagram.com/reel/DPUA2kujj0h/,top semanal cuenta sin dato DPUA2kujj0h,instagram,SIN DATO (CM: Valeria),2025-09-26,,,,reel,no
363,https://www.youtube.com/shorts/uR0OO_RrfxI,top semanal @habitosdelsensei uR0OO_RrfxI,youtube,@habitosdelsensei,2025-08-22,,,,short,no
364,https://www.youtube.com/shorts/anD3avLTt0k,top semanal @habitosdelsensei anD3avLTt0k,youtube,@habitosdelsensei,2025-10-16,,,,short,no
365,https://www.instagram.com/reel/DM_1GthhJdM/,top semanal cuenta sin dato DM_1GthhJdM,instagram,SIN DATO (CM: María),2025-08-01,,,,reel,no
366,https://vt.tiktok.com/ZSUMvGXTH,top semanal @alestilodelsensei ZSUMvGXTH,tiktok,@alestilodelsensei,2025-09-26,,,,tiktok,no
367,https://www.youtube.com/shorts/AI8pFN0m3E0,top semanal @relojesdelsensei AI8pFN0m3E0,youtube,@relojesdelsensei,2025-10-02,,,,short,no
368,https://vt.tiktok.com/ZSUMG2fSD,top semanal @frasesdelsensei ZSUMG2fSD,tiktok,@frasesdelsensei,2025-09-26,,,,tiktok,no
369,https://www.instagram.com/p/DNYrjk7BMrS/,top semanal cuenta sin dato DNYrjk7BMrS,instagram,SIN DATO (CM: Fabiola),2025-08-15,,,,reel,no
370,https://www.youtube.com/shorts/AXc31W5zS7I,top semanal @habitosdelsensei AXc31W5zS7I,youtube,@habitosdelsensei,2025-08-08,,,,short,no
371,https://vt.tiktok.com/ZSfWgLh4a,top semanal @habitosdelsensei ZSfWgLh4a,tiktok,@habitosdelsensei,2025-11-26,,,,tiktok,no
372,https://www.tiktok.com/@librosdelsensei/video/7552578385730391308,top semanal @librosdelsensei 7552578385730391308,tiktok,@librosdelsensei,2025-09-19,,,,tiktok,no
373,https://www.youtube.com/shorts/u-cinXOL8uQ,top semanal @habitosdelsensei u-cinXOL8uQ,youtube,@habitosdelsensei,2025-11-26,,,,short,no
374,https://www.instagram.com/reel/DRaCGhfkXF3/,top semanal cuenta sin dato DRaCGhfkXF3,instagram,SIN DATO (CM: Fabiola),2025-11-19,,,,reel,no
375,https://www.youtube.com/shorts/aaObBgutTcw,top semanal @elsenseireel aaObBgutTcw,youtube,@elsenseireel,2025-11-26,,,,short,no
376,https://www.instagram.com/p/DNtMpc62j7d/,top semanal cuenta sin dato DNtMpc62j7d,instagram,SIN DATO (CM: Fabiola),2025-08-22,,,,reel,no
377,https://www.youtube.com/shorts/jYwwD7pXffg,top semanal @elrealsensei jYwwD7pXffg,youtube,@elrealsensei,2025-11-12,,,,short,no
378,https://vm.tiktok.com/ZMA9vWrTD,top semanal @Lavozdelsensei ZMA9vWrTD,tiktok,@Lavozdelsensei,2025-10-02,,,,tiktok,no
379,https://www.instagram.com/p/DQ18hpLkb56/,top semanal cuenta sin dato DQ18hpLkb56,instagram,SIN DATO (CM: Fabiola),2025-11-05,,,,reel,no
380,https://vt.tiktok.com/ZSUo6Erxn,top semanal @frasesdelsensei ZSUo6Erxn,tiktok,@frasesdelsensei,2025-09-12,,,,tiktok,no
381,https://www.youtube.com/shorts/Zigt07nLphI,top semanal @senseielcoach Zigt07nLphI,youtube,@senseielcoach,2025-11-19,,,,short,no
382,https://vt.tiktok.com/ZSUKLYqwd,top semanal @senseimentalidad ZSUKLYqwd,tiktok,@senseimentalidad,2025-08-29,,,,tiktok,no
383,https://www.youtube.com/shorts/TG88hRdKRzc,top semanal @habitosdelsensei TG88hRdKRzc,youtube,@habitosdelsensei,2025-09-05,,,,short,no
384,https://www.tiktok.com/@senseisinpelo_/video/7538857396794330373,top semanal @senseisinpelo 7538857396794330373,tiktok,@senseisinpelo,2025-08-15,,,,tiktok,no
385,https://www.youtube.com/shorts/VUaHwRDI9Hs,top semanal @habitosdelsensei VUaHwRDI9Hs,youtube,@habitosdelsensei,2025-12-03,,,,short,no
386,https://www.tiktok.com/@librosdelsensei/video/7556285718063009080,top semanal @librosdelsensei 7556285718063009080,tiktok,@librosdelsensei,2025-09-26,,,,tiktok,no
387,https://www.youtube.com/shorts/wld4IY_ODU0,top semanal @relojesdelsensei wld4IY_ODU0,youtube,@relojesdelsensei,2025-10-09,,,,short,no
388,https://www.instagram.com/p/DQewCu3kXs-/,top semanal cuenta sin dato DQewCu3kXs-,instagram,SIN DATO (CM: Fabiola),2025-10-29,,,,reel,no
389,https://www.youtube.com/shorts/CorSrLC3DgY,top semanal @senseialma CorSrLC3DgY,youtube,@senseialma,2025-08-08,,,,short,no
390,https://vt.tiktok.com/ZSfmSH87K,top semanal @frasesdelsensei ZSfmSH87K,tiktok,@frasesdelsensei,2025-11-19,,,,tiktok,no
391,https://vt.tiktok.com/ZSytv6AGH,top semanal @frasesdelsensei ZSytv6AGH,tiktok,@frasesdelsensei,2025-11-05,,,,tiktok,no
392,https://www.instagram.com/p/DOjHy9pjaxo/,top semanal cuenta sin dato DOjHy9pjaxo,instagram,SIN DATO (CM: Fabiola),2025-09-12,,,,reel,no
393,https://vt.tiktok.com/ZSUoMrJTo,top semanal @frasesdelsensei ZSUoMrJTo,tiktok,@frasesdelsensei,2025-09-19,,,,tiktok,no
394,https://www.instagram.com/reel/DPmJs22Dh9I/,top semanal cuenta sin dato DPmJs22Dh9I,instagram,SIN DATO (CM: Valeria),2025-10-09,,,,reel,no
395,https://www.instagram.com/reel/DQhQh8lEVmd/,top semanal cuenta sin dato DQhQh8lEVmd,instagram,SIN DATO (CM: Valeria),2025-10-29,,,,reel,no
396,https://vt.tiktok.com/ZSfNAsGF2,top semanal @lasprimasdelsensei ZSfNAsGF2,tiktok,@lasprimasdelsensei,2025-11-12,,,,tiktok,no
397,https://www.youtube.com/shorts/O5yXKlgO93I,top semanal @carrosdelsensei O5yXKlgO93I,youtube,@carrosdelsensei,2025-08-29,,,,short,no
398,https://www.instagram.com/reel/DPbxTbpDpWd/,top semanal cuenta sin dato DPbxTbpDpWd,instagram,SIN DATO (CM: Valeria),2025-10-02,,,,reel,no
399,https://www.tiktok.com/@senseielsabio/video/7534046276292332805,top semanal @senseielsabio 7534046276292332805,tiktok,@senseielsabio,2025-08-01,,,,tiktok,no
400,https://www.instagram.com/reel/DRfFW1LkTmB/,top semanal @senseialma DRfFW1LkTmB,instagram,@senseialma,2025-11-19,,,,reel,no
401,https://www.instagram.com/p/DO6Z286Ddl5/,top semanal cuenta sin dato DO6Z286Ddl5,instagram,SIN DATO (CM: Fabiola),2025-09-19,,,,reel,no
402,https://vt.tiktok.com/ZSfFXN2Nk,top semanal @frasesdelsensei ZSfFXN2Nk,tiktok,@frasesdelsensei,2025-11-12,,,,tiktok,no
403,https://www.youtube.com/shorts/1sJGqchNmUs,top semanal @habitosdelsensei 1sJGqchNmUs,youtube,@habitosdelsensei,2025-08-01,,,,short,no
404,https://www.youtube.com/shorts/4xzSE2AlL0w,top semanal @elrealsensei 4xzSE2AlL0w,youtube,@elrealsensei,2025-11-26,,,,short,no
405,https://www.youtube.com/shorts/ue7kh0C4QIk,top semanal @senseisinpelo ue7kh0C4QIk,youtube,@senseisinpelo,2025-08-22,,,,short,no
406,https://vt.tiktok.com/ZSUo27KfF,top semanal @frasesdelsensei ZSUo27KfF,tiktok,@frasesdelsensei,2025-08-15,,,,tiktok,no
407,https://www.tiktok.com/@senseisinpelo_/video/7545536355070151942,top semanal @senseisinpelo 7545536355070151942,tiktok,@senseisinpelo,2025-08-29,,,,tiktok,no
408,https://www.instagram.com/reel/DQ123PGjnUd/,top semanal cuenta sin dato DQ123PGjnUd,instagram,SIN DATO (CM: María),2025-11-05,,,,reel,no
409,https://www.youtube.com/shorts/J5wQ4ya-_b8,top semanal @habitosdelsensei J5wQ4ya-_b8,youtube,@habitosdelsensei,2025-10-09,,,,short,no
410,https://www.youtube.com/shorts/HqEO7RtVVcI,top semanal @lasprimasdelsensei HqEO7RtVVcI,youtube,@lasprimasdelsensei,2025-12-03,,,,short,no
411,https://www.instagram.com/reel/DOTxtBzEY3K/,top semanal cuenta sin dato DOTxtBzEY3K,instagram,SIN DATO (CM: Valeria),2025-09-05,,,,reel,no
412,https://www.youtube.com/shorts/_Lj8CQ9b0d4,top semanal @senseielcoach _Lj8CQ9b0d4,youtube,@senseielcoach,2025-11-05,,,,short,no
413,https://vt.tiktok.com/ZSUoj8Gn7,top semanal @frasesdelsensei ZSUoj8Gn7,tiktok,@frasesdelsensei,2025-08-29,,,,tiktok,no
414,https://www.instagram.com/reel/DOoPStwkd5g/,top semanal cuenta sin dato DOoPStwkd5g,instagram,SIN DATO (CM: Valeria),2025-09-12,,,,reel,no
415,https://www.instagram.com/reel/DQzUJSvDn5z/,top semanal @senseirich_ DQzUJSvDn5z,instagram,@senseirich_,2025-11-05,,,,reel,no
416,https://www.instagram.com/reel/DRXbMC-kQQ4/,top semanal @librosdelsensei DRXbMC-kQQ4,instagram,@librosdelsensei,2025-11-19,,,,reel,no
417,https://www.tiktok.com/@senseisinpelo_/video/7542936021680344376,top semanal @senseisinpelo 7542936021680344376,tiktok,@senseisinpelo,2025-08-22,,,,tiktok,no
418,https://www.tiktok.com/@senseisinpelo_/video/7554804004497214731,top semanal @senseisinpelo 7554804004497214731,tiktok,@senseisinpelo,2025-09-26,,,,tiktok,no
419,https://www.youtube.com/shorts/0cD3HWxN3wQ,top semanal @senseialma 0cD3HWxN3wQ,youtube,@senseialma,2025-11-19,,,,short,no
420,https://www.instagram.com/p/DOY8UWjjfVZ/,top semanal cuenta sin dato DOY8UWjjfVZ,instagram,SIN DATO (CM: Fabiola),2025-09-05,,,,reel,no
421,https://vt.tiktok.com/ZSU7FNQ5T,top semanal @senseimentalidad ZSU7FNQ5T,tiktok,@senseimentalidad,2025-10-16,,,,tiktok,no
422,https://www.youtube.com/shorts/UBdxOTQjJI8,top semanal @habitosdelsensei UBdxOTQjJI8,youtube,@habitosdelsensei,2025-09-12,,,,short,no
423,https://www.instagram.com/p/DPWt40fjXr_/,top semanal cuenta sin dato DPWt40fjXr_,instagram,SIN DATO (CM: Fabiola),2025-10-02,,,,reel,no
424,https://www.tiktok.com/@senseisinpelo_/video/7554058592064720140,top semanal @senseisinpelo 7554058592064720140,tiktok,@senseisinpelo,2025-09-19,,,,tiktok,no
425,https://www.youtube.com/shorts/crs0tfMocWc,top semanal @habitosdelsensei crs0tfMocWc,youtube,@habitosdelsensei,2025-11-12,,,,short,no
426,https://www.instagram.com/p/DOykdnLEXcI/,top semanal cuenta sin dato DOykdnLEXcI,instagram,SIN DATO (CM: Fabiola),2025-09-19,,,,reel,no
427,https://www.instagram.com/reel/DQuJhs1EdKU/,top semanal cuenta sin dato DQuJhs1EdKU,instagram,SIN DATO (CM: Valeria),2025-11-05,,,,reel,no
428,https://www.youtube.com/shorts/x9oGI57r1Ws,top semanal @senseialma x9oGI57r1Ws,youtube,@senseialma,2025-08-29,,,,short,no
429,https://www.youtube.com/shorts/TTdO1rH5nag,top semanal @elsenseireel TTdO1rH5nag,youtube,@elsenseireel,2025-11-05,,,,short,no
430,https://www.youtube.com/shorts/FXvkdKJZyE4,top semanal @senseialma FXvkdKJZyE4,youtube,@senseialma,2025-08-22,,,,short,no
431,https://www.youtube.com/shorts/mFhImZG7Px4,top semanal @relojesdelsensei mFhImZG7Px4,youtube,@relojesdelsensei,2025-08-01,,,,short,no
432,https://www.youtube.com/shorts/leamY24dpwA,top semanal @lasprimasdelsensei leamY24dpwA,youtube,@lasprimasdelsensei,2025-11-19,,,,short,no
433,https://www.instagram.com/p/DPMeRWQjRKl/,top semanal cuenta sin dato DPMeRWQjRKl,instagram,SIN DATO (CM: Fabiola),2025-09-26,,,,reel,no
434,https://www.youtube.com/shorts/YwEuBKKmp8c,top semanal @relojesdelsensei YwEuBKKmp8c,youtube,@relojesdelsensei,2025-08-15,,,,short,no
435,https://www.youtube.com/shorts/ixF3HJFpoHs,top semanal @elrealsensei ixF3HJFpoHs,youtube,@elrealsensei,2025-11-19,,,,short,no
436,https://www.youtube.com/shorts/MZnSRLVl1k8,top semanal @relojesdelsensei MZnSRLVl1k8,youtube,@relojesdelsensei,2025-08-08,,,,short,no
437,https://www.youtube.com/shorts/-MRn-cBqqrU,top semanal @relojesdelsensei -MRn-cBqqrU,youtube,@relojesdelsensei,2025-09-19,,,,short,no
438,https://www.instagram.com/p/DO9COYlCUbd/,top semanal cuenta sin dato DO9COYlCUbd,instagram,SIN DATO (CM: Fabiola),2025-09-19,,,,reel,no
439,https://www.instagram.com/reel/DQPORYvDZVs/,top semanal cuenta sin dato DQPORYvDZVs,instagram,SIN DATO (CM: Fabiola),2025-10-22,,,,reel,no
440,https://www.youtube.com/shorts/FZUy7hMZBT0,top semanal @senseielprofesor FZUy7hMZBT0,youtube,@senseielprofesor,2025-11-12,,,,short,no
441,https://www.tiktok.com/@senseielsabio/video/7536632485413702917,top semanal @senseielsabio 7536632485413702917,tiktok,@senseielsabio,2025-08-08,,,,tiktok,no
442,https://www.instagram.com/p/DQCh8uiDeui/,top semanal cuenta sin dato DQCh8uiDeui,instagram,SIN DATO (CM: Fabiola),2025-10-16,,,,reel,no
443,https://www.instagram.com/p/DOB5NWfAQ5h/,top semanal cuenta sin dato DOB5NWfAQ5h,instagram,SIN DATO (CM: Fabiola),2025-08-29,,,,reel,no
444,https://youtu.be/biTXDm5X1tg,top semanal @senseicontenidos,youtube,@senseicontenidos,2025-11-12,,,,short,no
445,https://www.instagram.com/reel/DRaDtOgCb65/,top semanal @senseirich_ DRaDtOgCb65,instagram,@senseirich_,2025-11-19,,,,reel,no
446,https://www.youtube.com/shorts/4kBwMgDZ5n8,top semanal @senseialma 4kBwMgDZ5n8,youtube,@senseialma,2025-08-15,,,,short,no
447,https://vt.tiktok.com/ZSUo2c2yM,top semanal @frasesdelsensei ZSUo2c2yM,tiktok,@frasesdelsensei,2025-08-22,,,,tiktok,no
448,https://vt.tiktok.com/ZSyLDBe12,top semanal @lasprimasdelsensei ZSyLDBe12,tiktok,@lasprimasdelsensei,2025-10-22,,,,tiktok,no
449,https://www.instagram.com/reel/DRfO0r9gJtC/,top semanal cuenta sin dato DRfO0r9gJtC,instagram,SIN DATO (CM: Valeria),2025-11-19,,,,reel,no
450,https://www.youtube.com/shorts/0MAR-Kupnas,top semanal @senseielcoach 0MAR-Kupnas,youtube,@senseielcoach,2025-09-26,,,,short,no
451,https://www.youtube.com/shorts/BydWIPFVT7A,top semanal @senseialma BydWIPFVT7A,youtube,@senseialma,2025-09-05,,,,short,no
452,https://www.instagram.com/p/DQzD7zRjVTN/,top semanal cuenta sin dato DQzD7zRjVTN,instagram,SIN DATO (CM: Fabiola),2025-11-05,,,,reel,no
453,https://www.youtube.com/shorts/b0kbgz0a8AM,top semanal @senseialma b0kbgz0a8AM,youtube,@senseialma,2025-09-12,,,,short,no
454,https://www.instagram.com/reel/DQo_5O5jrkM/,top semanal @senseirich_ DQo_5O5jrkM,instagram,@senseirich_,2025-10-29,,,,reel,no
455,https://www.youtube.com/shorts/f4_5NhHg2WA,top semanal @habitosdelsensei f4_5NhHg2WA,youtube,@habitosdelsensei,2025-11-19,,,,short,no
456,https://www.instagram.com/p/DQcMd49jUom/,top semanal cuenta sin dato DQcMd49jUom,instagram,SIN DATO (CM: Fabiola),2025-10-29,,,,reel,no
457,https://www.youtube.com/shorts/X7m2yXRIF0c,top semanal @senseisinpelo X7m2yXRIF0c,youtube,@senseisinpelo,2025-10-09,,,,short,no
458,https://www.youtube.com/shorts/t0g557L443k,top semanal @frasesdelsensei t0g557L443k,youtube,@frasesdelsensei,2025-11-05,,,,short,no
459,https://www.youtube.com/shorts/6cyxeUWIRIc,top semanal @senseielcoach 6cyxeUWIRIc,youtube,@senseielcoach,2025-10-22,,,,short,no
460,https://www.youtube.com/shorts/SndL-GZTgJs,top semanal @senseielcoach SndL-GZTgJs,youtube,@senseielcoach,2025-10-29,,,,short,no
461,https://www.instagram.com/reel/DND55vVR8dn/,top semanal cuenta sin dato DND55vVR8dn,instagram,SIN DATO (CM: Valeria),2025-08-01,,,,reel,no
462,https://www.youtube.com/shorts/xLKxNkt2Jc8,top semanal @habitosdelsensei xLKxNkt2Jc8,youtube,@habitosdelsensei,2025-10-29,,,,short,no
463,https://youtu.be/brAe2XzsceY,top semanal @senseicontenidos,youtube,@senseicontenidos,2025-11-05,,,,short,no
464,https://www.instagram.com/p/DPEi82PDlzi/,top semanal cuenta sin dato DPEi82PDlzi,instagram,SIN DATO (CM: Fabiola),2025-09-26,,,,reel,no
465,https://www.instagram.com/reel/DNld7b5pt5S/,top semanal cuenta sin dato DNld7b5pt5S,instagram,SIN DATO (CM: Valeria),2025-08-15,,,,reel,no
466,https://www.youtube.com/shorts/LoERZ7yjpY8,top semanal @senseielcoach LoERZ7yjpY8,youtube,@senseielcoach,2025-11-12,,,,short,no
467,https://www.youtube.com/shorts/MIHWw8LLowk,top semanal @relojesdelsensei MIHWw8LLowk,youtube,@relojesdelsensei,2025-08-22,,,,short,no
468,https://www.instagram.com/reel/DN_IPqXjgWy/,top semanal cuenta sin dato DN_IPqXjgWy,instagram,SIN DATO (CM: Valeria),2025-08-29,,,,reel,no
469,https://www.youtube.com/shorts/gAbiXqI6NKs,top semanal @elsenseiexplica gAbiXqI6NKs,youtube,@elsenseiexplica,2025-10-09,,,,short,no
470,https://www.instagram.com/p/DPwb8o1DXM3/,top semanal cuenta sin dato DPwb8o1DXM3,instagram,SIN DATO (CM: Fabiola),2025-10-09,,,,reel,no
471,https://www.youtube.com/shorts/qBisy2s5Z9E,top semanal @senseielprofesor qBisy2s5Z9E,youtube,@senseielprofesor,2025-11-26,,,,short,no
472,https://www.youtube.com/shorts/umb9a1LciTo,top semanal @senseielprofesor umb9a1LciTo,youtube,@senseielprofesor,2025-10-16,,,,short,no
473,https://www.youtube.com/shorts/U2Iy3QsTfEQ,top semanal @senseielprofesor U2Iy3QsTfEQ,youtube,@senseielprofesor,2025-09-19,,,,short,no
474,https://www.tiktok.com/t/ZTMQBS9cP,top semanal @elsenseiexplica t,tiktok,@elsenseiexplica,2025-08-22,,,,tiktok,no
475,https://youtu.be/tbTxu34859Y,top semanal @Lavozdelsensei,youtube,@Lavozdelsensei,2025-10-29,,,,short,no
476,https://www.instagram.com/reel/DQhSONDCYxn/,top semanal cuenta sin dato DQhSONDCYxn,instagram,SIN DATO (CM: María),2025-10-29,,,,reel,no
477,https://vt.tiktok.com/ZSUKQhKWQ,top semanal @Lavozdelsensei ZSUKQhKWQ,tiktok,@Lavozdelsensei,2025-08-15,,,,tiktok,no
478,https://www.youtube.com/shorts/l9DH0h6lO1o,top semanal @alestilodelsensei l9DH0h6lO1o,youtube,@alestilodelsensei,2025-10-02,,,,short,no
479,https://www.instagram.com/reel/DNyNxc1XG5k/,top semanal cuenta sin dato DNyNxc1XG5k,instagram,SIN DATO (CM: Valeria),2025-08-22,,,,reel,no
480,https://www.youtube.com/shorts/dNeZnyRmVcE,top semanal @relojesdelsensei dNeZnyRmVcE,youtube,@relojesdelsensei,2025-09-12,,,,short,no
481,https://www.tiktok.com/t/ZTMQks81S,top semanal @elrealsensei t,tiktok,@elrealsensei,2025-08-01,,,,tiktok,no
482,https://vt.tiktok.com/ZSyLDQqWq,top semanal @senseimentalidad ZSyLDQqWq,tiktok,@senseimentalidad,2025-10-22,,,,tiktok,no
483,https://www.youtube.com/shorts/k4q6wJsrgPk,top semanal @relojesdelsensei k4q6wJsrgPk,youtube,@relojesdelsensei,2025-09-05,,,,short,no
484,https://youtu.be/4FiIvGL07zA,top semanal @Lavozdelsensei,youtube,@Lavozdelsensei,2025-11-05,,,,short,no
485,https://www.youtube.com/shorts/xS61UgFH1U8,top semanal @frasesdelsensei xS61UgFH1U8,youtube,@frasesdelsensei,2025-09-26,,,,short,no
486,https://www.tiktok.com/@senseielsabio/video/7540711834962152709,top semanal @senseielsabio 7540711834962152709,tiktok,@senseielsabio,2025-08-15,,,,tiktok,no
487,https://www.instagram.com/reel/DOgum6gjpCy/,top semanal cuenta sin dato DOgum6gjpCy,instagram,SIN DATO (CM: Valeria),2025-09-12,,,,reel,no
488,https://www.instagram.com/reel/DNlVyrDOX6b/,top semanal cuenta sin dato DNlVyrDOX6b,instagram,SIN DATO (CM: Valeria),2025-08-15,,,,reel,no
489,https://www.youtube.com/shorts/5rCzVb-Wj70,top semanal @relojesdelsensei 5rCzVb-Wj70,youtube,@relojesdelsensei,2025-08-29,,,,short,no
490,https://youtu.be/ix3ZPEqI2D4,top semanal @alestilodelsensei,youtube,@alestilodelsensei,2025-11-05,,,,short,no
491,https://www.youtube.com/shorts/6-zlqCmRyFQ,top semanal @elsenseiexplica 6-zlqCmRyFQ,youtube,@elsenseiexplica,2025-10-02,,,,short,no
492,https://www.instagram.com/reel/DOOoDfrDj29/,top semanal cuenta sin dato DOOoDfrDj29,instagram,SIN DATO (CM: Valeria),2025-09-05,,,,reel,no
493,https://www.instagram.com/reel/DPCD7S5DTDq/,top semanal cuenta sin dato DPCD7S5DTDq,instagram,SIN DATO (CM: Valeria),2025-09-19,,,,reel,no
494,https://vt.tiktok.com/ZSyP3D3Vu,top semanal @senseimentalidad ZSyP3D3Vu,tiktok,@senseimentalidad,,,,,tiktok,no
495,https://www.youtube.com/shorts/4uA0v4XbrIg,top semanal @elrealsensei 4uA0v4XbrIg,youtube,@elrealsensei,2025-10-29,,,,short,no
496,https://www.instagram.com/reel/DOtxPfbkdvq/,top semanal cuenta sin dato DOtxPfbkdvq,instagram,SIN DATO (CM: Kelly),2025-09-12,,,,reel,no
497,https://youtu.be/9auBhGftAGk,top semanal @senseifit,youtube,@senseifit,2025-11-26,,,,short,no
498,https://vt.tiktok.com/ZSy5YXfQp,top semanal @senseifit ZSy5YXfQp,tiktok,@senseifit,2025-10-29,,,,tiktok,no
499,https://youtu.be/3SIPV-htCRA,top semanal @Lavozdelsensei,youtube,@Lavozdelsensei,2025-11-12,,,,short,no
500,https://youtu.be/lHkEI7PYpc0,top semanal @alestilodelsensei,youtube,@alestilodelsensei,2025-10-16,,,,short,no
501,https://www.instagram.com/reel/DNBYXDGOSCq/,top semanal cuenta sin dato DNBYXDGOSCq,instagram,SIN DATO (CM: Valeria),2025-08-01,,,,reel,no
502,https://www.youtube.com/shorts/I2-vsrmMY84,top semanal @elrealsensei I2-vsrmMY84,youtube,@elrealsensei,2025-10-02,,,,short,no
503,https://www.tiktok.com/@senseielsabio/video/7542935143422430469,top semanal @senseielsabio 7542935143422430469,tiktok,@senseielsabio,2025-08-22,,,,tiktok,no
504,https://www.youtube.com/shorts/rQPCxID14pE,top semanal @habitosdelsensei rQPCxID14pE,youtube,@habitosdelsensei,2025-09-19,,,,short,no
505,https://vt.tiktok.com/ZSUEuoJe5,top semanal @alestilodelsensei ZSUEuoJe5,tiktok,@alestilodelsensei,2025-09-19,,,,tiktok,no
506,https://www.youtube.com/shorts/5aox7yfkThg,top semanal @senseielprofesor 5aox7yfkThg,youtube,@senseielprofesor,2025-11-19,,,,short,no
507,https://www.instagram.com/reel/DNGasNuOaiz/,top semanal cuenta sin dato DNGasNuOaiz,instagram,SIN DATO (CM: Valeria),2025-08-08,,,,reel,no
508,https://www.instagram.com/p/DPUC9rljljc/,top semanal cuenta sin dato DPUC9rljljc,instagram,SIN DATO (CM: Fabiola),2025-10-02,,,,reel,no
509,https://www.instagram.com/reel/DRfUWx9gYgN/,top semanal cuenta sin dato DRfUWx9gYgN,instagram,SIN DATO (CM: Fabiola),2025-11-19,,,,reel,no
510,https://www.instagram.com/reel/DRcnDaziXBZ/,top semanal cuenta sin dato DRcnDaziXBZ,instagram,SIN DATO (CM: Valeria),2025-11-19,,,,reel,no
511,https://www.youtube.com/shorts/LwB9Dlyq2F0,top semanal @senseisinpelo LwB9Dlyq2F0,youtube,@senseisinpelo,2025-10-02,,,,short,no
512,https://www.youtube.com/shorts/2-RsRuweKBk,top semanal @senseielprofesor 2-RsRuweKBk,youtube,@senseielprofesor,2025-08-08,,,,short,no
513,https://www.youtube.com/shorts/QnJTh2vLYec,top semanal @senseisinpelo QnJTh2vLYec,youtube,@senseisinpelo,2025-09-19,,,,short,no
514,https://vt.tiktok.com/ZSU9LFgQa,top semanal @elsenseiexplica ZSU9LFgQa,tiktok,@elsenseiexplica,2025-10-09,,,,tiktok,no
515,https://youtu.be/2LUX5VAoQjc,top semanal @alestilodelsensei,youtube,@alestilodelsensei,2025-09-26,,,,short,no
516,https://www.youtube.com/shorts/JWDkQv60vd0,top semanal @frasesdelsensei JWDkQv60vd0,youtube,@frasesdelsensei,2025-11-12,,,,short,no
517,https://www.youtube.com/shorts/dnTQT8Ba2ew,top semanal @senseialma dnTQT8Ba2ew,youtube,@senseialma,2025-10-09,,,,short,no
518,https://vt.tiktok.com/ZSUr1M5T8,top semanal @elsenseiexplica ZSUr1M5T8,tiktok,@elsenseiexplica,2025-10-02,,,,tiktok,no
519,https://www.instagram.com/reel/DRpZwkCjtCg/,top semanal cuenta sin dato DRpZwkCjtCg,instagram,SIN DATO (CM: Valeria),2025-11-26,,,,reel,no
520,https://vt.tiktok.com/ZSUMoHJ5R,top semanal @elsenseiexplica ZSUMoHJ5R,tiktok,@elsenseiexplica,2025-09-26,,,,tiktok,no
521,https://www.youtube.com/shorts/thjNmfTqYJw,top semanal @senseisinpelo thjNmfTqYJw,youtube,@senseisinpelo,2025-10-16,,,,short,no
522,https://www.tiktok.com/@senseielsabio/video/7552575222172503308,top semanal @senseielsabio 7552575222172503308,tiktok,@senseielsabio,2025-09-19,,,,tiktok,no
523,https://www.tiktok.com/@senseisinpelo_/video/7537379187036802360,top semanal @senseisinpelo 7537379187036802360,tiktok,@senseisinpelo,2025-08-08,,,,tiktok,no
524,https://www.youtube.com/shorts/t9XOyvc6d_g,top semanal @senseirich_ t9XOyvc6d_g,youtube,@senseirich_,2025-10-29,,,,short,no
525,https://www.instagram.com/reel/DPMaB6eDi6T/,top semanal cuenta sin dato DPMaB6eDi6T,instagram,SIN DATO (CM: Valeria),2025-09-26,,,,reel,no
526,https://youtu.be/nKxIxzKLe4M,top semanal @senseicontenidos,youtube,@senseicontenidos,2025-10-22,,,,short,no
527,https://www.youtube.com/shorts/KvwQlAt5bjw,top semanal @senseielsabio KvwQlAt5bjw,youtube,@senseielsabio,2025-10-02,,,,short,no
528,https://www.youtube.com/shorts/lmdm45GvudY,top semanal @frasesdelsensei lmdm45GvudY,youtube,@frasesdelsensei,2025-10-02,,,,short,no
529,https://www.instagram.com/reel/DM2sx9DsDAT/,top semanal cuenta sin dato DM2sx9DsDAT,instagram,SIN DATO (CM: María),2025-08-01,,,,reel,no
530,https://www.instagram.com/reel/DM8T-Mvu7uk/,top semanal cuenta sin dato DM8T-Mvu7uk,instagram,SIN DATO (CM: Kelly),2025-08-01,,,,reel,no
531,https://youtu.be/woMG1gFRYFE,top semanal @senseicontenidos,youtube,@senseicontenidos,2025-09-26,,,,short,no
532,https://www.tiktok.com/@senseielsabio/video/7544800053018266885,top semanal @senseielsabio 7544800053018266885,tiktok,@senseielsabio,2025-08-29,,,,tiktok,no
533,https://www.tiktok.com/@senseielsabio/video/7548500939817192709,top semanal @senseielsabio 7548500939817192709,tiktok,@senseielsabio,2025-09-05,,,,tiktok,no
534,https://www.youtube.com/shorts/o9cSDYCk9b4,top semanal @elrealsensei o9cSDYCk9b4,youtube,@elrealsensei,2025-09-26,,,,short,no
535,https://www.youtube.com/shorts/NpZGBeZIS3Q,top semanal @senseideverdad NpZGBeZIS3Q,youtube,@senseideverdad,2025-09-23,,,,short,no
536,https://youtu.be/3JROzGjL8UY,top semanal @Lavozdelsensei,youtube,@Lavozdelsensei,2025-09-26,,,,short,no
537,https://youtu.be/eI1hXu1siL4,top semanal @senseifit,youtube,@senseifit,2025-10-09,,,,short,no
538,https://www.youtube.com/shorts/raxAqs9ytnU,top semanal @senseialma raxAqs9ytnU,youtube,@senseialma,2025-10-29,,,,short,no
539,https://vt.tiktok.com/ZSU9LsAV9,top semanal @elrealsensei ZSU9LsAV9,tiktok,@elrealsensei,2025-10-09,,,,tiktok,no
540,https://www.tiktok.com/t/ZTMQBaMxb,top semanal @elsenseiexplica t,tiktok,@elsenseiexplica,2025-08-08,,,,tiktok,no
541,https://www.youtube.com/shorts/woMG1gFRYFE,top semanal @senseicontenidos woMG1gFRYFE,youtube,@senseicontenidos,2025-10-02,,,,short,no
542,https://www.youtube.com/shorts/PdPjmBQwGYo,top semanal @senseielprofesor PdPjmBQwGYo,youtube,@senseielprofesor,2025-08-01,,,,short,no
543,https://youtu.be/RK5wDgFS_lI,top semanal @senseideverdad,youtube,@senseideverdad,2025-09-26,,,,short,no
544,https://www.youtube.com/shorts/Dk3ICpv0Kkc,top semanal @elrealsensei Dk3ICpv0Kkc,youtube,@elrealsensei,2025-10-22,,,,short,no
545,https://vt.tiktok.com/ZSyLQRoWm,top semanal @senseifit ZSyLQRoWm,tiktok,@senseifit,2025-10-22,,,,tiktok,no
546,https://www.tiktok.com/@senseielsabio/video/7551092237522816312,top semanal @senseielsabio 7551092237522816312,tiktok,@senseielsabio,2025-09-12,,,,tiktok,no
547,https://www.youtube.com/shorts/P47ZM-520A4,top semanal @senseialma P47ZM-520A4,youtube,@senseialma,2025-11-26,,,,short,no
548,https://www.youtube.com/shorts/dBKJSwpYjkI,top semanal @senseisinpelo dBKJSwpYjkI,youtube,@senseisinpelo,2025-08-29,,,,short,no
549,https://www.youtube.com/shorts/ThXy-pEtPKA,top semanal @senseialma ThXy-pEtPKA,youtube,@senseialma,2025-11-12,,,,short,no
550,https://www.instagram.com/p/DP4Q8DQCW_J/,top semanal cuenta sin dato DP4Q8DQCW_J,instagram,SIN DATO (CM: Fabiola),2025-10-16,,,,reel,no
551,https://www.youtube.com/shorts/dY08m7jVZe4,top semanal @frasesdelsensei dY08m7jVZe4,youtube,@frasesdelsensei,2025-11-26,,,,short,no
552,https://www.youtube.com/shorts/wISRrtaysfo,top semanal @senseisinpelo wISRrtaysfo,youtube,@senseisinpelo,2025-10-22,,,,short,no
553,https://youtu.be/ALIsYuEonOI,top semanal @alestilodelsensei,youtube,@alestilodelsensei,2025-11-12,,,,short,no
554,https://www.youtube.com/shorts/1pwR51xuZYA,top semanal @senseialma 1pwR51xuZYA,youtube,@senseialma,2025-11-05,,,,short,no
555,https://www.youtube.com/shorts/KyUi35RZCYI,top semanal @Lavozdelsensei KyUi35RZCYI,youtube,@Lavozdelsensei,2025-10-02,,,,short,no
556,https://vt.tiktok.com/ZSynJ5Grk,top semanal @senseimentalidad ZSynJ5Grk,tiktok,@senseimentalidad,2025-11-05,,,,tiktok,no
557,https://www.youtube.com/shorts/Sw7Cm_IPw98,top semanal @senseialma Sw7Cm_IPw98,youtube,@senseialma,2025-12-03,,,,short,no
558,https://vt.tiktok.com/ZSUKV1FCJ,top semanal @Lavozdelsensei ZSUKV1FCJ,tiktok,@Lavozdelsensei,2025-09-05,,,,tiktok,no
559,https://www.youtube.com/shorts/98arJJOneMU,top semanal @senseielprofesor 98arJJOneMU,youtube,@senseielprofesor,2025-08-15,,,,short,no
560,https://www.youtube.com/shorts/wi-g_djc8fg,top semanal @senseialma wi-g_djc8fg,youtube,@senseialma,2025-09-19,,,,short,no
561,https://www.instagram.com/reel/DOWBq0HDcs0/,top semanal cuenta sin dato DOWBq0HDcs0,instagram,SIN DATO (CM: Kelly),2025-09-05,,,,reel,no
562,https://www.youtube.com/shorts/2zRRU9cjA4o,top semanal @lasprimasdelsensei 2zRRU9cjA4o,youtube,@lasprimasdelsensei,2025-10-29,,,,short,no
563,https://vt.tiktok.com/ZSfNDLYL2,top semanal @senseimentalidad ZSfNDLYL2,tiktok,@senseimentalidad,2025-11-12,,,,tiktok,no
564,https://www.youtube.com/shorts/cLOatpkYi5Y,top semanal @senseialma cLOatpkYi5Y,youtube,@senseialma,2025-10-16,,,,short,no
565,https://www.youtube.com/shorts/oqYSrWXwTtc,top semanal @senseideverdad oqYSrWXwTtc,youtube,@senseideverdad,2025-10-02,,,,short,no
566,https://www.instagram.com/reel/DNhNUbss_wA/,top semanal cuenta sin dato DNhNUbss_wA,instagram,SIN DATO (CM: María),2025-08-15,,,,reel,no
567,https://vt.tiktok.com/ZSU7bwyUP,top semanal @elrealsensei ZSU7bwyUP,tiktok,@elrealsensei,2025-10-16,,,,tiktok,no
568,https://www.instagram.com/reel/DRX9gksEZC1/,top semanal cuenta sin dato DRX9gksEZC1,instagram,SIN DATO (CM: María),2025-11-19,,,,reel,no
569,https://vt.tiktok.com/ZSUr1cSat,top semanal @elrealsensei ZSUr1cSat,tiktok,@elrealsensei,2025-09-26,,,,tiktok,no
570,https://www.youtube.com/shorts/f4rLT3UFIXg,top semanal @senseielprofesor f4rLT3UFIXg,youtube,@senseielprofesor,2025-10-09,,,,short,no
571,https://www.instagram.com/reel/DN-tCUNjOyg/,top semanal cuenta sin dato DN-tCUNjOyg,instagram,SIN DATO (CM: María),2025-08-29,,,,reel,no
572,https://www.youtube.com/shorts/tqYVdHWAO7o,top semanal @senseielprofesor tqYVdHWAO7o,youtube,@senseielprofesor,2025-08-22,,,,short,no
573,https://vt.tiktok.com/ZSUr1946w,top semanal @elrealsensei ZSUr1946w,tiktok,@elrealsensei,2025-10-02,,,,tiktok,no
574,https://www.instagram.com/reel/DNsy5g62Ot3/,top semanal cuenta sin dato DNsy5g62Ot3,instagram,SIN DATO (CM: María),2025-08-22,,,,reel,no
575,https://www.instagram.com/reel/DNBDADesz8H/,top semanal cuenta sin dato DNBDADesz8H,instagram,SIN DATO (CM: Kelly),2025-08-01,,,,reel,no
576,https://youtu.be/EB_T8MTto_E,top semanal @Lavozdelsensei,youtube,@Lavozdelsensei,2025-10-22,,,,short,no
577,https://www.instagram.com/reel/DM75YDXuUjV/,top semanal cuenta sin dato DM75YDXuUjV,instagram,SIN DATO (CM: Kelly),2025-08-01,,,,reel,no
578,https://www.instagram.com/reel/DNoQZ5pOF5D/,top semanal cuenta sin dato DNoQZ5pOF5D,instagram,SIN DATO (CM: Kelly),2025-08-15,,,,reel,no
579,https://www.instagram.com/reel/DQPgi0XiRzA/,top semanal cuenta sin dato DQPgi0XiRzA,instagram,SIN DATO (CM: María),2025-10-22,,,,reel,no
580,https://www.youtube.com/shorts/Hy2qhsKa39M,top semanal @elrealsensei Hy2qhsKa39M,youtube,@elrealsensei,2025-10-16,,,,short,no
581,https://www.youtube.com/shorts/jOus4wQbVKs,top semanal @senseialma jOus4wQbVKs,youtube,@senseialma,2025-10-22,,,,short,no
582,https://vt.tiktok.com/ZSy5FU8QX,top semanal @Lavozdelsensei ZSy5FU8QX,tiktok,@Lavozdelsensei,2025-10-29,,,,tiktok,no
583,https://www.youtube.com/shorts/sGrg6VClSlo,top semanal @senseielprofesor sGrg6VClSlo,youtube,@senseielprofesor,2025-10-02,,,,short,no
584,https://www.youtube.com/shorts/_ve84H-BqAY,top semanal @senseielprofesor _ve84H-BqAY,youtube,@senseielprofesor,2025-10-22,,,,short,no
585,https://vt.tiktok.com/ZSfWKHWPf,top semanal @senseifit ZSfWKHWPf,tiktok,@senseifit,2025-11-26,,,,tiktok,no
586,https://youtu.be/EmvLHgQdsW0,top semanal @alestilodelsensei,youtube,@alestilodelsensei,2025-10-22,,,,short,no
587,https://www.instagram.com/reel/DORSeJGDJQW/,top semanal cuenta sin dato DORSeJGDJQW,instagram,SIN DATO (CM: María),2025-09-05,,,,reel,no
588,https://vt.tiktok.com/ZSynLF6Ye,top semanal @senseifit ZSynLF6Ye,tiktok,@senseifit,2025-11-05,,,,tiktok,no
589,https://www.instagram.com/p/DNBYXUfxvlz/,top semanal cuenta sin dato DNBYXUfxvlz,instagram,SIN DATO (CM: Fabiola),2025-08-01,,,,reel,no
590,https://www.instagram.com/reel/DNyfuLHYuIe/,top semanal cuenta sin dato DNyfuLHYuIe,instagram,SIN DATO (CM: Kelly),2025-08-22,,,,reel,no
591,https://vt.tiktok.com/ZSynJwv3a,top semanal @elsenseireel ZSynJwv3a,tiktok,@elsenseireel,2025-11-05,,,,tiktok,no
592,https://www.instagram.com/reel/DNYQfFcNlOC/,top semanal cuenta sin dato DNYQfFcNlOC,instagram,SIN DATO (CM: Kelly),2025-08-15,,,,reel,no
593,https://youtu.be/hPQHIgxgHOo,top semanal @senseicontenidos,youtube,@senseicontenidos,2025-10-29,,,,short,no
594,https://www.instagram.com/p/DNlXTr5x5AQ/,top semanal cuenta sin dato DNlXTr5x5AQ,instagram,SIN DATO (CM: Fabiola),2025-08-15,,,,reel,no
595,https://www.youtube.com/shorts/M2LY8sdkEL0,top semanal @frasesdelsensei M2LY8sdkEL0,youtube,@frasesdelsensei,2025-11-19,,,,short,no
596,https://www.youtube.com/shorts/ZR3azBCdMfc,top semanal @frasesdelsensei ZR3azBCdMfc,youtube,@frasesdelsensei,2025-10-29,,,,short,no
597,https://www.youtube.com/shorts/4q0R9J4oRrM,top semanal @frasesdelsensei 4q0R9J4oRrM,youtube,@frasesdelsensei,2025-10-09,,,,short,no
598,https://www.instagram.com/reel/DOO43icjlrR/,top semanal cuenta sin dato DOO43icjlrR,instagram,SIN DATO (CM: Kelly),2025-09-05,,,,reel,no
599,https://www.youtube.com/shorts/XwZ8D11Sbvw,top semanal @senseielsabio XwZ8D11Sbvw,youtube,@senseielsabio,2025-11-12,,,,short,no
600,https://www.youtube.com/shorts/n058_WdjXjc,top semanal @senseisinpelo n058_WdjXjc,youtube,@senseisinpelo,2025-09-05,,,,short,no
601,https://youtu.be/mgmd2isFxMk,top semanal @senseifit,youtube,@senseifit,2025-10-16,,,,short,no
602,https://www.instagram.com/reel/DNqPQiWt5km/,top semanal cuenta sin dato DNqPQiWt5km,instagram,SIN DATO (CM: Kelly),2025-08-22,,,,reel,no
603,https://www.instagram.com/reel/DNQ1FTeMQSu/,top semanal cuenta sin dato DNQ1FTeMQSu,instagram,SIN DATO (CM: María),2025-08-08,,,,reel,no
604,https://www.instagram.com/reel/DOgHwbZDJPS/,top semanal cuenta sin dato DOgHwbZDJPS,instagram,SIN DATO (CM: María),2025-09-12,,,,reel,no
605,https://youtu.be/WwbKbzTQ-Aw,top semanal @senseifit,youtube,@senseifit,2025-11-12,,,,short,no
606,https://www.instagram.com/p/DNyN1xXYloH/,top semanal cuenta sin dato DNyN1xXYloH,instagram,SIN DATO (CM: Fabiola),2025-08-22,,,,reel,no
607,https://www.youtube.com/shorts/k42sSfYwRmI,top semanal @senseialma k42sSfYwRmI,youtube,@senseialma,2025-09-26,,,,short,no
608,https://youtu.be/UB47GJn_Mgo,top semanal @alestilodelsensei,youtube,@alestilodelsensei,2025-10-09,,,,short,no
609,https://youtu.be/vgz5fjdcpLs,top semanal @senseideverdad,youtube,@senseideverdad,2025-11-05,,,,short,no
610,https://youtu.be/_BRGtE3dZsk,top semanal @senseifit,youtube,@senseifit,2025-10-22,,,,short,no
611,https://www.youtube.com/shorts/LVQ0RwGfMwM,top semanal @senseielsabio LVQ0RwGfMwM,youtube,@senseielsabio,2025-11-19,,,,short,no
612,https://www.youtube.com/shorts/Cd_NeAZOCqg,top semanal @senseielsabio Cd_NeAZOCqg,youtube,@senseielsabio,2025-10-29,,,,short,no
613,https://vt.tiktok.com/ZSfFkuVC3,top semanal @senseifit ZSfFkuVC3,tiktok,@senseifit,2025-11-12,,,,tiktok,no
614,https://www.youtube.com/shorts/h2ensQT6njQ,top semanal @elsenseiexplica h2ensQT6njQ,youtube,@elsenseiexplica,2025-10-16,,,,short,no
615,https://www.youtube.com/shorts/SfCOKXOIi_A,top semanal @librosdelsensei SfCOKXOIi_A,youtube,@librosdelsensei,2025-08-29,,,,short,no
616,https://www.instagram.com/reel/DOGjPRAjTS3/,top semanal cuenta sin dato DOGjPRAjTS3,instagram,SIN DATO (CM: Kelly),2025-08-29,,,,reel,no
617,https://www.instagram.com/reel/DOMRp7WDoCi/,top semanal cuenta sin dato DOMRp7WDoCi,instagram,SIN DATO (CM: Kelly),2025-08-29,,,,reel,no
618,https://www.youtube.com/shorts/4vONFdkj1FE,top semanal @frasesdelsensei 4vONFdkj1FE,youtube,@frasesdelsensei,2025-10-16,,,,short,no
619,https://www.instagram.com/reel/DPCLP2OkaSZ/,top semanal cuenta sin dato DPCLP2OkaSZ,instagram,SIN DATO (CM: María),2025-09-19,,,,reel,no
620,https://vt.tiktok.com/ZSUnGuxPU,top semanal @senseicontenidos ZSUnGuxPU,tiktok,@senseicontenidos,2025-10-18,,,,tiktok,no
621,https://www.instagram.com/reel/DPBwz7PDvTi/,top semanal cuenta sin dato DPBwz7PDvTi,instagram,SIN DATO (CM: Kelly),2025-08-22,,,,reel,no
622,https://www.instagram.com/reel/DNYRYlaOu0D/,top semanal cuenta sin dato DNYRYlaOu0D,instagram,SIN DATO (CM: Kelly),2025-08-15,,,,reel,no
623,https://vt.tiktok.com/ZSyLHNvbm,top semanal @senseicontenidos ZSyLHNvbm,tiktok,@senseicontenidos,2025-10-22,,,,tiktok,no
624,https://youtu.be/swPrE1vwj7A,top semanal @Lavozdelsensei,youtube,@Lavozdelsensei,2025-10-09,,,,short,no
625,https://youtu.be/jJP-cEidmIA,top semanal @senseideverdad,youtube,@senseideverdad,2025-10-22,,,,short,no
626,https://www.instagram.com/p/DNOQqI2xQq_/,top semanal cuenta sin dato DNOQqI2xQq_,instagram,SIN DATO (CM: Fabiola),2025-08-08,,,,reel,no
627,https://www.youtube.com/shorts/iaVBVN6q_6c,top semanal @elsenseiexplica iaVBVN6q_6c,youtube,@elsenseiexplica,2025-09-26,,,,short,no
628,https://www.instagram.com/reel/DOWCWkgDqQP/,top semanal cuenta sin dato DOWCWkgDqQP,instagram,SIN DATO (CM: Kelly),2025-09-05,,,,reel,no
629,https://vt.tiktok.com/ZSfuPD4EN,top semanal @senseimentalidad ZSfuPD4EN,tiktok,@senseimentalidad,2025-11-19,,,,tiktok,no
630,https://www.instagram.com/reel/DPy-kVqEefX/,top semanal cuenta sin dato DPy-kVqEefX,instagram,SIN DATO (CM: María),2025-10-09,,,,reel,no
631,https://www.youtube.com/shorts/C1v8Wg8emdc,top semanal @librosdelsensei C1v8Wg8emdc,youtube,@librosdelsensei,2025-11-26,,,,short,no
632,https://www.youtube.com/shorts/hDwbQJJEq2k,top semanal @alestilodelsensei hDwbQJJEq2k,youtube,@alestilodelsensei,2025-09-23,,,,short,no
633,https://www.instagram.com/reel/DOHEmMKEQmh/,top semanal cuenta sin dato DOHEmMKEQmh,instagram,SIN DATO (CM: Kelly),2025-08-29,,,,reel,no
634,https://www.instagram.com/reel/DO6iWRmDuQG/,top semanal cuenta sin dato DO6iWRmDuQG,instagram,SIN DATO (CM: Kelly),2025-09-19,,,,reel,no
635,https://www.youtube.com/shorts/47wsh7phCco,top semanal @librosdelsensei 47wsh7phCco,youtube,@librosdelsensei,2025-09-05,,,,short,no
636,https://www.youtube.com/shorts/tk6R2xRGyA0,top semanal @lasprimasdelsensei tk6R2xRGyA0,youtube,@lasprimasdelsensei,2025-10-22,,,,short,no
637,https://youtu.be/SDRvx-XsGz0,top semanal @senseifit,youtube,@senseifit,2025-10-29,,,,short,no
638,https://www.youtube.com/shorts/KnL6esyDO2o,top semanal @librosdelsensei KnL6esyDO2o,youtube,@librosdelsensei,2025-12-03,,,,short,no
639,https://www.instagram.com/reel/DNQcHPVtEvX/,top semanal cuenta sin dato DNQcHPVtEvX,instagram,SIN DATO (CM: Kelly),2025-08-08,,,,reel,no
640,https://www.youtube.com/shorts/vuq0NgGWnfc,top semanal @senseielsabio vuq0NgGWnfc,youtube,@senseielsabio,2025-10-22,,,,short,no
641,https://www.youtube.com/shorts/SDPaTIXLCYM,top semanal @senseialma SDPaTIXLCYM,youtube,@senseialma,2025-10-02,,,,short,no
642,https://vt.tiktok.com/ZSUKV7yYv,top semanal @senseicontenidos ZSUKV7yYv,tiktok,@senseicontenidos,2025-08-01,,,,tiktok,no
643,https://www.youtube.com/shorts/C8vX4Mp_FEI,top semanal @librosdelsensei C8vX4Mp_FEI,youtube,@librosdelsensei,2025-11-19,,,,short,no
644,https://www.youtube.com/shorts/yBBuODuXuII,top semanal @librosdelsensei yBBuODuXuII,youtube,@librosdelsensei,2025-09-19,,,,short,no
645,https://vt.tiktok.com/ZSyL9L98B,top semanal @Lavozdelsensei ZSyL9L98B,tiktok,@Lavozdelsensei,2025-10-22,,,,tiktok,no
646,https://vt.tiktok.com/ZSynN7M7r,top semanal @Lavozdelsensei ZSynN7M7r,tiktok,@Lavozdelsensei,2025-11-05,,,,tiktok,no
647,https://www.youtube.com/shorts/Tg27HTqgutw,top semanal @habitosdelsensei Tg27HTqgutw,youtube,@habitosdelsensei,2025-09-26,,,,short,no
648,https://www.instagram.com/reel/DN3DvBm3Nt1/,top semanal cuenta sin dato DN3DvBm3Nt1,instagram,SIN DATO (CM: Kelly),2025-08-22,,,,reel,no
649,https://www.instagram.com/reel/DNGODhGMVRp/,top semanal cuenta sin dato DNGODhGMVRp,instagram,SIN DATO (CM: Kelly),2025-08-08,,,,reel,no
650,https://www.youtube.com/shorts/Gqr8H_gCYJw,top semanal @librosdelsensei Gqr8H_gCYJw,youtube,@librosdelsensei,2025-11-05,,,,short,no
651,https://www.instagram.com/reel/DNWK9nqOyTv/,top semanal cuenta sin dato DNWK9nqOyTv,instagram,SIN DATO (CM: Kelly),2025-08-08,,,,reel,no
652,https://www.youtube.com/shorts/CJOK-BpUGYA,top semanal @senseielsabio CJOK-BpUGYA,youtube,@senseielsabio,2025-11-26,,,,short,no
653,https://www.youtube.com/shorts/Ef_6bO9c_tk,top semanal @librosdelsensei Ef_6bO9c_tk,youtube,@librosdelsensei,2025-10-02,,,,short,no
654,https://www.youtube.com/shorts/Zul3vAyzMpc,top semanal @librosdelsensei Zul3vAyzMpc,youtube,@librosdelsensei,2025-08-15,,,,short,no
655,https://www.instagram.com/reel/DOJHD84jj9q/,top semanal cuenta sin dato DOJHD84jj9q,instagram,SIN DATO (CM: Kelly),2025-08-29,,,,reel,no
656,https://vt.tiktok.com/ZSUnpsURS,top semanal @senseifit ZSUnpsURS,tiktok,@senseifit,2025-10-16,,,,tiktok,no
657,https://www.instagram.com/reel/DM0SltnRW5O/,top semanal cuenta sin dato DM0SltnRW5O,instagram,SIN DATO (CM: Kelly),2025-08-01,,,,reel,no
658,https://youtu.be/U5rViaLPDDE,top semanal @senseideverdad,youtube,@senseideverdad,2025-10-29,,,,short,no
659,https://www.instagram.com/p/DOtaxH4kRus/,top semanal cuenta sin dato DOtaxH4kRus,instagram,SIN DATO (CM: Fabiola),2025-09-12,,,,reel,no
660,https://www.youtube.com/shorts/HNJblwo4hJQ,top semanal @librosdelsensei HNJblwo4hJQ,youtube,@librosdelsensei,2025-08-22,,,,short,no
661,https://www.youtube.com/shorts/exVxp25mTtw,top semanal @librosdelsensei exVxp25mTtw,youtube,@librosdelsensei,2025-10-16,,,,short,no
662,https://www.youtube.com/shorts/uC0zH40CziQ,top semanal @Lavozdelsensei uC0zH40CziQ,youtube,@Lavozdelsensei,2025-09-23,,,,short,no
663,https://www.youtube.com/shorts/6IuarV5QMCw,top semanal @librosdelsensei 6IuarV5QMCw,youtube,@librosdelsensei,2025-09-12,,,,short,no
664,https://youtu.be/XUB8XMrDKMk,top semanal @alestilodelsensei,youtube,@alestilodelsensei,2025-10-29,,,,short,no
665,https://www.youtube.com/shorts/jDviI5yiM8k,top semanal @elrealsensei jDviI5yiM8k,youtube,@elrealsensei,2025-10-09,,,,short,no
666,https://www.youtube.com/shorts/c2eG2XVpjII,top semanal @senseielsabio c2eG2XVpjII,youtube,@senseielsabio,2025-10-16,,,,short,no
667,https://www.youtube.com/shorts/zvrQskQcONI,top semanal @frasesdelsensei zvrQskQcONI,youtube,@frasesdelsensei,2025-10-22,,,,short,no
668,https://vt.tiktok.com/ZSy5Y2V4g,top semanal @senseicontenidos ZSy5Y2V4g,tiktok,@senseicontenidos,2025-10-29,,,,tiktok,no
669,https://www.youtube.com/shorts/CEkFW5aF0kk,top semanal @librosdelsensei CEkFW5aF0kk,youtube,@librosdelsensei,2025-08-01,,,,short,no
670,https://youtu.be/m-9OFv3BZdE,top semanal @senseicontenidos,youtube,@senseicontenidos,2025-10-16,,,,short,no
671,https://vt.tiktok.com/ZSy5YdooK,top semanal @alestilodelsensei ZSy5YdooK,tiktok,@alestilodelsensei,2025-10-29,,,,tiktok,no
672,https://www.tiktok.com/@elsenseielsabio/video/7570020938180283656,top semanal @senseielsabio 7570020938180283656,tiktok,@senseielsabio,2025-11-05,,,,tiktok,no
673,https://vt.tiktok.com/ZSfmAao7x,top semanal @elrealsensei ZSfmAao7x,tiktok,@elrealsensei,2025-11-19,,,,tiktok,no
674,https://www.youtube.com/shorts/gJzpHunDIdI,top semanal @librosdelsensei gJzpHunDIdI,youtube,@librosdelsensei,2025-10-09,,,,short,no
675,https://www.instagram.com/p/DOTpXONEWRS/,top semanal cuenta sin dato DOTpXONEWRS,instagram,SIN DATO (CM: Fabiola),2025-09-05,,,,reel,no
676,https://www.youtube.com/shorts/dtkJQ7S-AC4,top semanal @librosdelsensei dtkJQ7S-AC4,youtube,@librosdelsensei,2025-08-08,,,,short,no
677,https://youtu.be/TBXdr3Lxwjw,top semanal @senseicontenidos,youtube,@senseicontenidos,2025-10-09,,,,short,no
678,https://vt.tiktok.com/ZSfWgJ2yg,top semanal @senseimentalidad ZSfWgJ2yg,tiktok,@senseimentalidad,2025-11-26,,,,tiktok,no
679,https://www.youtube.com/shorts/fnSqlhiWWsc,top semanal @senseicontenidos fnSqlhiWWsc,youtube,@senseicontenidos,2025-10-20,,,,short,no
680,https://www.instagram.com/p/DPo0PUakV_W/,top semanal cuenta sin dato DPo0PUakV_W,instagram,SIN DATO (CM: Fabiola),2025-10-09,,,,reel,no
681,https://www.youtube.com/shorts/eZHUL_ZlU68,top semanal @senseielprofesor eZHUL_ZlU68,youtube,@senseielprofesor,2025-08-29,,,,short,no
682,https://www.instagram.com/reel/DNTJeJNNhKd/,top semanal cuenta sin dato DNTJeJNNhKd,instagram,SIN DATO (CM: Kelly),2025-08-08,,,,reel,no
683,https://www.youtube.com/shorts/pL946u0zMYg,top semanal @senseisinpelo pL946u0zMYg,youtube,@senseisinpelo,2025-11-12,,,,short,no
684,https://www.instagram.com/reel/DNoP-rgxj1y/,top semanal cuenta sin dato DNoP-rgxj1y,instagram,SIN DATO (CM: Kelly),2025-08-15,,,,reel,no
685,https://vt.tiktok.com/ZSfFkSoLA,top semanal @Lavozdelsensei ZSfFkSoLA,tiktok,@Lavozdelsensei,2025-11-12,,,,tiktok,no
686,https://www.youtube.com/shorts/EfjlyNPBQ6E,top semanal @senseielsabio EfjlyNPBQ6E,youtube,@senseielsabio,2025-11-05,,,,short,no
687,https://www.instagram.com/p/DPZLSxCkbwk/,top semanal cuenta sin dato DPZLSxCkbwk,instagram,SIN DATO (CM: Fabiola),2025-10-02,,,,reel,no
688,https://youtu.be/G_vZJN5Z_ok,top semanal @senseideverdad,youtube,@senseideverdad,2025-11-12,,,,short,no
689,https://www.instagram.com/reel/DO_p8Ftj1M_/,top semanal cuenta sin dato DO_p8Ftj1M_,instagram,SIN DATO (CM: Kelly),2025-09-19,,,,reel,no
690,https://www.youtube.com/shorts/Sv8qXFC238k,top semanal @senseicontenidos Sv8qXFC238k,youtube,@senseicontenidos,2025-09-23,,,,short,no
691,https://www.instagram.com/reel/DOoAEqLjTKb/,top semanal cuenta sin dato DOoAEqLjTKb,instagram,SIN DATO (CM: Kelly),2025-09-12,,,,reel,no
692,https://www.youtube.com/shorts/n0wueOzA_DQ,top semanal @senseielprofesor n0wueOzA_DQ,youtube,@senseielprofesor,2025-09-05,,,,short,no
693,https://www.instagram.com/reel/DPPLEhMEXYN/,top semanal cuenta sin dato DPPLEhMEXYN,instagram,SIN DATO (CM: Kelly),2025-09-26,,,,reel,no
694,https://www.instagram.com/p/DPEjqBvkVeu/,top semanal cuenta sin dato DPEjqBvkVeu,instagram,SIN DATO (CM: Fabiola),2025-09-26,,,,reel,no
695,https://vt.tiktok.com/ZSfFktScu,top semanal @alestilodelsensei ZSfFktScu,tiktok,@alestilodelsensei,2025-11-12,,,,tiktok,no
696,https://www.instagram.com/reel/DObrURikWK9/,top semanal cuenta sin dato DObrURikWK9,instagram,SIN DATO (CM: Kelly),2025-09-05,,,,reel,no
697,https://vt.tiktok.com/ZSy5Yjdnk,top semanal @elsenseiexplica ZSy5Yjdnk,tiktok,@elsenseiexplica,2025-10-29,,,,tiktok,no
698,https://www.instagram.com/reel/DPTz1NLjcts/,top semanal cuenta sin dato DPTz1NLjcts,instagram,SIN DATO (CM: Kelly),2025-10-02,,,,reel,no
699,https://www.tiktok.com/t/ZTMQBgTYd,top semanal @elsenseiexplica t,tiktok,@elsenseiexplica,2025-09-19,,,,tiktok,no
700,https://www.instagram.com/reel/DPW4ohOEeiW/,top semanal cuenta sin dato DPW4ohOEeiW,instagram,SIN DATO (CM: Kelly),2025-10-02,,,,reel,no
701,https://www.instagram.com/p/DOG0GXiEdYK/,top semanal cuenta sin dato DOG0GXiEdYK,instagram,SIN DATO (CM: Fabiola),2025-08-29,,,,reel,no
702,https://www.instagram.com/reel/DRfFRrbDpjX/,top semanal cuenta sin dato DRfFRrbDpjX,instagram,SIN DATO (CM: Valeria),2025-11-19,,,,reel,no
703,https://www.youtube.com/shorts/jpr75GeMUd8,top semanal @senseisinpelo jpr75GeMUd8,youtube,@senseisinpelo,2025-11-19,,,,short,no
704,https://www.instagram.com/p/DO_bOA7EQsj/,top semanal cuenta sin dato DO_bOA7EQsj,instagram,SIN DATO (CM: Fabiola),2025-09-19,,,,reel,no
705,https://vt.tiktok.com/ZSfFXBCLw,top semanal @elsenseiexplica ZSfFXBCLw,tiktok,@elsenseiexplica,2025-11-12,,,,tiktok,no
706,https://www.instagram.com/reel/DQKGgUegC-i/,top semanal cuenta sin dato DQKGgUegC-i,instagram,SIN DATO (CM: Fabiola),2025-10-22,,,,reel,no
707,https://vt.tiktok.com/ZSynNN3yp,top semanal @alestilodelsensei ZSynNN3yp,tiktok,@alestilodelsensei,2025-11-05,,,,tiktok,no
708,https://www.instagram.com/reel/DPhQucDDK8k/,top semanal cuenta sin dato DPhQucDDK8k,instagram,SIN DATO (CM: Kelly),2025-10-02,,,,reel,no
709,https://www.youtube.com/shorts/C7DP5U76_dg,top semanal @Lavozdelsensei C7DP5U76_dg,youtube,@Lavozdelsensei,2025-10-20,,,,short,no
710,https://www.youtube.com/shorts/HHJ-X7LaBMw,top semanal @senseielprofesor HHJ-X7LaBMw,youtube,@senseielprofesor,2025-09-12,,,,short,no
711,https://www.instagram.com/p/DQcNdwGj8HN/,top semanal cuenta sin dato DQcNdwGj8HN,instagram,SIN DATO (CM: Fabiola),2025-10-29,,,,reel,no
712,https://www.tiktok.com/t/ZTMQk3Xrb,top semanal @elrealsensei t,tiktok,@elrealsensei,2025-09-05,,,,tiktok,no
713,https://www.instagram.com/reel/DPW3R92DktZ/,top semanal cuenta sin dato DPW3R92DktZ,instagram,SIN DATO (CM: Kelly),2025-10-02,,,,reel,no
714,https://www.instagram.com/reel/DP6wSPiEekn/,top semanal cuenta sin dato DP6wSPiEekn,instagram,SIN DATO (CM: Kelly),2025-10-16,,,,reel,no
715,https://www.tiktok.com/t/ZTMQBFSNk,top semanal @elrealsensei t,tiktok,@elrealsensei,2025-09-19,,,,tiktok,no
716,https://www.instagram.com/reel/DPwszwNDzGr/,top semanal cuenta sin dato DPwszwNDzGr,instagram,SIN DATO (CM: Kelly),2025-10-09,,,,reel,no
717,https://vt.tiktok.com/ZSfufGmkX,top semanal @elsenseireel ZSfufGmkX,tiktok,@elsenseireel,2025-11-19,,,,tiktok,no
718,https://youtu.be/t2GmOBvbSz4,top semanal @senseideverdad,youtube,@senseideverdad,2025-10-09,,,,short,no
719,https://vt.tiktok.com/ZSyLuv9N7,top semanal @senseideverdad ZSyLuv9N7,tiktok,@senseideverdad,2025-10-22,,,,tiktok,no
720,https://www.instagram.com/reel/DO8tjq8DV9O/,top semanal cuenta sin dato DO8tjq8DV9O,instagram,SIN DATO (CM: Kelly),2025-09-19,,,,reel,no
721,https://www.instagram.com/reel/DOgu9lHDob3/,top semanal cuenta sin dato DOgu9lHDob3,instagram,SIN DATO (CM: Kelly),2025-09-12,,,,reel,no
722,https://vt.tiktok.com/ZSfNcXFKe,top semanal @elsenseireel ZSfNcXFKe,tiktok,@elsenseireel,2025-11-12,,,,tiktok,no
723,https://vt.tiktok.com/ZSfWTmLtU,top semanal @elrealsensei ZSfWTmLtU,tiktok,@elrealsensei,2025-11-26,,,,tiktok,no
724,https://www.tiktok.com/t/ZTMQBLKjr,top semanal @elsenseiexplica t,tiktok,@elsenseiexplica,2025-08-01,,,,tiktok,no
725,https://vt.tiktok.com/ZSU7bUR9S,top semanal @elsenseiexplica ZSU7bUR9S,tiktok,@elsenseiexplica,2025-10-16,,,,tiktok,no
726,https://www.instagram.com/reel/DPTzeeODs7Y/,top semanal cuenta sin dato DPTzeeODs7Y,instagram,SIN DATO (CM: Kelly),2025-09-26,,,,reel,no
727,https://vt.tiktok.com/ZSUnsBhKt,top semanal @alestilodelsensei ZSUnsBhKt,tiktok,@alestilodelsensei,2025-10-18,,,,tiktok,no
728,https://www.instagram.com/reel/DPFUDEcDvxR/,top semanal cuenta sin dato DPFUDEcDvxR,instagram,SIN DATO (CM: Kelly),2025-09-26,,,,reel,no
729,https://www.instagram.com/reel/DRHo8-2DtnE/,top semanal cuenta sin dato DRHo8-2DtnE,instagram,SIN DATO (CM: Kelly),2025-11-12,,,,reel,no
730,https://www.tiktok.com/@senseisinpelos_/video/7575223901555363090,top semanal @senseisinpelo 7575223901555363090,tiktok,@senseisinpelo,2025-11-19,,,,tiktok,no
731,https://www.instagram.com/p/DP__0RskUwS/,top semanal cuenta sin dato DP__0RskUwS,instagram,SIN DATO (CM: Fabiola),2025-10-16,,,,reel,no
732,https://www.instagram.com/reel/DP4WxrPD48B/,top semanal cuenta sin dato DP4WxrPD48B,instagram,SIN DATO (CM: Kelly),2025-10-16,,,,reel,no
733,https://vt.tiktok.com/ZSfFrgRmX,top semanal @senseideverdad ZSfFrgRmX,tiktok,@senseideverdad,2025-11-12,,,,tiktok,no
734,https://www.youtube.com/shorts/NRnewELKsks,top semanal @elsenseiexplica NRnewELKsks,youtube,@elsenseiexplica,2025-11-26,,,,short,no
735,https://www.instagram.com/reel/DPod_s-DnU9/,top semanal cuenta sin dato DPod_s-DnU9,instagram,SIN DATO (CM: Kelly),2025-10-09,,,,reel,no
736,https://www.instagram.com/reel/DOgy5kNDlew/,top semanal cuenta sin dato DOgy5kNDlew,instagram,SIN DATO (CM: Kelly),2025-09-12,,,,reel,no
737,https://www.tiktok.com/t/ZTMQk4gGk,top semanal @elrealsensei t,tiktok,@elrealsensei,2025-08-08,,,,tiktok,no
738,https://vt.tiktok.com/ZSUnsPp3F,top semanal @senseideverdad ZSUnsPp3F,tiktok,@senseideverdad,2025-10-18,,,,tiktok,no
739,https://www.youtube.com/shorts/ZIj-amJvf_g,top semanal @elsenseiexplica ZIj-amJvf_g,youtube,@elsenseiexplica,2025-11-19,,,,short,no
740,https://vt.tiktok.com/ZSyLuPntk,top semanal @alestilodelsensei ZSyLuPntk,tiktok,@alestilodelsensei,2025-10-22,,,,tiktok,no
741,https://www.tiktok.com/t/ZTMQBpUaR,top semanal @elsenseiexplica t,tiktok,@elsenseiexplica,2025-09-12,,,,tiktok,no
742,https://vt.tiktok.com/ZSU9dBwMG,top semanal @habitosdelsensei ZSU9dBwMG,tiktok,@habitosdelsensei,2025-10-09,,,,tiktok,no
743,https://www.instagram.com/p/DRH-KAYD135/,top semanal cuenta sin dato DRH-KAYD135,instagram,SIN DATO (CM: Fabiola),2025-11-12,,,,reel,no
744,https://www.tiktok.com/t/ZTMQkcHvN,top semanal @elrealsensei t,tiktok,@elrealsensei,2025-08-29,,,,tiktok,no
745,https://www.youtube.com/shorts/UvURFQNrWQs,top semanal @senseielsabio UvURFQNrWQs,youtube,@senseielsabio,2025-09-23,,,,short,no
746,https://vt.tiktok.com/ZSfFkrafG,top semanal @senseicontenidos ZSfFkrafG,tiktok,@senseicontenidos,2025-11-12,,,,tiktok,no
747,https://vt.tiktok.com/ZSy5F17qy,top semanal @senseideverdad ZSy5F17qy,tiktok,@senseideverdad,2025-10-29,,,,tiktok,no
748,https://www.youtube.com/shorts/Gm7cZzT-3mA,top semanal @senseimentalidad Gm7cZzT-3mA,youtube,@senseimentalidad,2025-11-19,,,,short,no
749,https://vt.tiktok.com/ZSfmAF5h6,top semanal @elsenseiexplica ZSfmAF5h6,tiktok,@elsenseiexplica,2025-11-19,,,,tiktok,no
750,https://youtu.be/bWi3Ky513ds,top semanal @Lavozdelsensei,youtube,@Lavozdelsensei,2025-10-16,,,,short,no
751,https://vt.tiktok.com/ZSUnGYGgf,top semanal @Lavozdelsensei ZSUnGYGgf,tiktok,@Lavozdelsensei,2025-10-18,,,,tiktok,no
752,https://vt.tiktok.com/ZSfWTtMBY,top semanal @elsenseiexplica ZSfWTtMBY,tiktok,@elsenseiexplica,2025-11-26,,,,tiktok,no
753,https://www.tiktok.com/@elsenseielsabio/video/7564106052736732434,top semanal @senseielsabio 7564106052736732434,tiktok,@senseielsabio,2025-10-22,,,,tiktok,no
754,https://www.tiktok.com/@elsenseielsabio/video/7574095904890834183,top semanal @senseielsabio 7574095904890834183,tiktok,@senseielsabio,2025-11-19,,,,tiktok,no
755,https://www.tiktok.com/@elsenseielsabio/video/7568203864600612103,top semanal @senseielsabio 7568203864600612103,tiktok,@senseielsabio,2025-10-29,,,,tiktok,no
756,https://www.youtube.com/shorts/0Pc4N_r6cMA,top semanal @elsenseiexplica 0Pc4N_r6cMA,youtube,@elsenseiexplica,2025-10-29,,,,short,no
757,https://www.tiktok.com/t/ZTMQBHAGT,top semanal @elsenseiexplica t,tiktok,@elsenseiexplica,2025-08-15,,,,tiktok,no
758,https://www.tiktok.com/@senseisinpelos_/video/7564087500604542226,top semanal @senseisinpelo 7564087500604542226,tiktok,@senseisinpelo,2025-10-22,,,,tiktok,no
759,https://www.instagram.com/p/DRpS8LrkS--/,top semanal cuenta sin dato DRpS8LrkS--,instagram,SIN DATO (CM: Fabiola),2025-11-26,,,,reel,no
760,https://www.instagram.com/reel/DP7CiYAEelA/,top semanal cuenta sin dato DP7CiYAEelA,instagram,SIN DATO (CM: Kelly),2025-10-16,,,,reel,no
761,https://www.youtube.com/shorts/nqAFGe-kRKk,top semanal @senseideverdad nqAFGe-kRKk,youtube,@senseideverdad,2025-10-20,,,,short,no
762,https://www.instagram.com/reel/DP1Z3Lsjd8I/,top semanal cuenta sin dato DP1Z3Lsjd8I,instagram,SIN DATO (CM: Kelly),2025-10-09,,,,reel,no
763,https://www.youtube.com/shorts/DqpZmAA5Dkw,top semanal @senseimentalidad DqpZmAA5Dkw,youtube,@senseimentalidad,2025-10-16,,,,short,no
764,https://www.tiktok.com/t/ZTMQBQLnY,top semanal @elsenseiexplica t,tiktok,@elsenseiexplica,2025-09-05,,,,tiktok,no
765,https://www.instagram.com/p/DQ1_gLHDxJX/,top semanal cuenta sin dato DQ1_gLHDxJX,instagram,SIN DATO (CM: Fabiola),2025-11-05,,,,reel,no
766,https://vt.tiktok.com/ZSU9Fxfjf,top semanal @senseifit ZSU9Fxfjf,tiktok,@senseifit,2025-10-09,,,,tiktok,no
767,https://www.youtube.com/shorts/dIhxtPUbTy0,top semanal @alestilodelsensei dIhxtPUbTy0,youtube,@alestilodelsensei,2025-10-20,,,,short,no
768,https://vt.tiktok.com/ZSynNc7vE,top semanal @senseideverdad ZSynNc7vE,tiktok,@senseideverdad,2025-11-05,,,,tiktok,no
769,https://www.instagram.com/reel/DRKmC__AEJJ/,top semanal cuenta sin dato DRKmC__AEJJ,instagram,SIN DATO (CM: Valeria),2025-11-12,,,,reel,no
770,https://www.youtube.com/shorts/CuwFMMDziCM,top semanal @elsenseiexplica CuwFMMDziCM,youtube,@elsenseiexplica,2025-11-05,,,,short,no
771,https://www.instagram.com/reel/DRXPwAoEc4P/,top semanal cuenta sin dato DRXPwAoEc4P,instagram,SIN DATO (CM: Fabiola),2025-11-19,,,,reel,no
772,https://vt.tiktok.com/ZSUK1YsMk,top semanal @habitosdelsensei ZSUK1YsMk,tiktok,@habitosdelsensei,2025-08-08,,,,tiktok,no
773,https://www.tiktok.com/t/ZTMQBQqKN,top semanal @elsenseiexplica t,tiktok,@elsenseiexplica,2025-08-29,,,,tiktok,no
774,https://www.tiktok.com/@senseisinpelos_/video/7567778230577532168,top semanal @senseisinpelo 7567778230577532168,tiktok,@senseisinpelo,2025-10-29,,,,tiktok,no
775,https://www.tiktok.com/t/ZTMQkwEvF,top semanal @elrealsensei t,tiktok,@elrealsensei,2025-08-15,,,,tiktok,no
776,https://www.instagram.com/reel/DPwoMs_D74g/,top semanal cuenta sin dato DPwoMs_D74g,instagram,SIN DATO (CM: Kelly),2025-10-09,,,,reel,no
777,https://www.youtube.com/shorts/NHULlsWWcZA,top semanal @senseimentalidad NHULlsWWcZA,youtube,@senseimentalidad,2025-10-29,,,,short,no
778,https://www.instagram.com/reel/DP6fZXajSzE/,top semanal cuenta sin dato DP6fZXajSzE,instagram,SIN DATO (CM: Kelly),2025-10-16,,,,reel,no
779,https://vt.tiktok.com/ZSyLpvPuM,top semanal @elsenseiexplica ZSyLpvPuM,tiktok,@elsenseiexplica,2025-10-22,,,,tiktok,no
780,https://www.youtube.com/shorts/RcuLgL_LsR0,top semanal @senseisinpelo RcuLgL_LsR0,youtube,@senseisinpelo,2025-11-26,,,,short,no
781,https://www.tiktok.com/t/ZTMQBLpnP,top semanal @elrealsensei t,tiktok,@elrealsensei,2025-08-22,,,,tiktok,no
782,https://www.instagram.com/reel/DRSJ1psAHSD/,top semanal cuenta sin dato DRSJ1psAHSD,instagram,SIN DATO (CM: Fabiola),2025-11-19,,,,reel,no
783,https://www.youtube.com/shorts/sE0FEtd9-rE,top semanal @senseimentalidad sE0FEtd9-rE,youtube,@senseimentalidad,2025-11-05,,,,short,no
784,https://www.instagram.com/reel/DP6un_SDvOz/,top semanal cuenta sin dato DP6un_SDvOz,instagram,SIN DATO (CM: kelly),2025-10-16,,,,reel,no
785,https://www.instagram.com/reel/DRKfxFYDgE4/,top semanal cuenta sin dato DRKfxFYDgE4,instagram,SIN DATO (CM: Valeria),2025-11-12,,,,reel,no
786,https://vt.tiktok.com/ZSUKxLQsU,top semanal @senseideverdad ZSUKxLQsU,tiktok,@senseideverdad,2025-09-05,,,,tiktok,no
787,https://www.instagram.com/reel/DRNtJcqESjy/,top semanal cuenta sin dato DRNtJcqESjy,instagram,SIN DATO (CM: Kelly),2025-11-12,,,,reel,no
788,https://www.instagram.com/reel/DPEpGT5kYyD/,top semanal cuenta sin dato DPEpGT5kYyD,instagram,SIN DATO (CM: María),2025-09-26,,,,reel,no
789,https://www.tiktok.com/@elsenseielsabio/video/7577787224968760583,top semanal @senseielsabio 7577787224968760583,tiktok,@senseielsabio,2025-11-26,,,,tiktok,no
790,https://www.instagram.com/reel/DRNqiiTkiUp/,top semanal cuenta sin dato DRNqiiTkiUp,instagram,SIN DATO (CM: Kelly),2025-11-12,,,,reel,no
791,https://www.instagram.com/reel/DP19gLGkoRU/,top semanal cuenta sin dato DP19gLGkoRU,instagram,SIN DATO (CM: Kelly),2025-10-09,,,,reel,no
792,https://www.instagram.com/p/DRKjvfBEcSH/,top semanal cuenta sin dato DRKjvfBEcSH,instagram,SIN DATO (CM: Fabiola),2025-11-12,,,,reel,no
793,https://vt.tiktok.com/ZSynNfSaK,top semanal @senseicontenidos ZSynNfSaK,tiktok,@senseicontenidos,2025-11-05,,,,tiktok,no
794,https://www.instagram.com/reel/DP6qwcyDic8/,top semanal @habitosdelsensei DP6qwcyDic8,instagram,@habitosdelsensei,2025-10-16,,,,reel,no
795,https://www.instagram.com/reel/DPejvJJkSWM/,top semanal cuenta sin dato DPejvJJkSWM,instagram,SIN DATO (CM: María),2025-10-02,,,,reel,no
796,https://www.instagram.com/p/DQ4v5RvEXEj/,top semanal cuenta sin dato DQ4v5RvEXEj,instagram,SIN DATO (CM: Fabiola),2025-11-05,,,,reel,no
797,https://www.instagram.com/reel/DQ14k6PgN2e/,top semanal cuenta sin dato DQ14k6PgN2e,instagram,SIN DATO (CM: Valeria),2025-11-05,,,,reel,no
798,https://vt.tiktok.com/ZSUKqC61A,top semanal @senseicontenidos ZSUKqC61A,tiktok,@senseicontenidos,2025-08-08,,,,tiktok,no
799,https://www.instagram.com/reel/DQ4n0i3kfXy/,top semanal cuenta sin dato DQ4n0i3kfXy,instagram,SIN DATO (CM: Kelly),2025-11-05,,,,reel,no
800,https://www.instagram.com/p/DQey4sCkWSd/,top semanal cuenta sin dato DQey4sCkWSd,instagram,SIN DATO (CM: Fabiola),2025-10-29,,,,reel,no
801,https://www.instagram.com/reel/DPg8mfmDTiy/,top semanal @senseialma DPg8mfmDTiy,instagram,@senseialma,2025-10-02,,,,reel,no
802,https://vt.tiktok.com/ZSUKbg9Nd,top semanal @senseicontenidos ZSUKbg9Nd,tiktok,@senseicontenidos,2025-09-19,,,,tiktok,no
803,https://www.instagram.com/reel/DRNsk71khV0/,top semanal cuenta sin dato DRNsk71khV0,instagram,SIN DATO (CM: Kelly),2025-11-12,,,,reel,no
804,https://www.instagram.com/reel/DQ4iDTlDvao/,top semanal cuenta sin dato DQ4iDTlDvao,instagram,SIN DATO (CM: Valeria),2025-11-05,,,,reel,no
805,https://www.instagram.com/reel/DQ4JymfDl0s/,top semanal cuenta sin dato DQ4JymfDl0s,instagram,SIN DATO (CM: Kelly),2025-11-05,,,,reel,no
806,https://www.instagram.com/reel/DPRa-Yxjr8A/,top semanal @habitosdelsensei DPRa-Yxjr8A,instagram,@habitosdelsensei,2025-09-26,,,,reel,no
807,https://www.youtube.com/shorts/Zv0LXqZX0PY,top semanal @elsenseiexplica Zv0LXqZX0PY,youtube,@elsenseiexplica,2025-11-12,,,,short,no
808,https://www.instagram.com/reel/DPHKHI1DYfG/,top semanal @senseialma DPHKHI1DYfG,instagram,@senseialma,2025-09-26,,,,reel,no
809,https://vt.tiktok.com/ZSUKHmwVk,top semanal @senseideverdad ZSUKHmwVk,tiktok,@senseideverdad,2025-08-01,,,,tiktok,no
810,https://vt.tiktok.com/ZSUK9GRB8,top semanal @senseideverdad ZSUK9GRB8,tiktok,@senseideverdad,2025-08-29,,,,tiktok,no
811,https://www.instagram.com/reel/DPZhZFbjjtl/,top semanal @habitosdelsensei DPZhZFbjjtl,instagram,@habitosdelsensei,2025-10-02,,,,reel,no
812,https://www.instagram.com/reel/DRNsMeVDzEL/,top semanal cuenta sin dato DRNsMeVDzEL,instagram,SIN DATO (CM: Kelly),2025-11-12,,,,reel,no
813,https://vt.tiktok.com/ZSUKQYeLM,top semanal @Lavozdelsensei ZSUKQYeLM,tiktok,@Lavozdelsensei,2025-08-01,,,,tiktok,no
814,https://www.instagram.com/reel/DQj7AYLgBsg/,top semanal cuenta sin dato DQj7AYLgBsg,instagram,SIN DATO (CM: Valeria),2025-10-29,,,,reel,no
815,https://www.instagram.com/reel/DP4Cj27Df7t/,top semanal @senseialma DP4Cj27Df7t,instagram,@senseialma,2025-10-16,,,,reel,no
816,https://vt.tiktok.com/ZSUEmpQw9,top semanal @alestilodelsensei ZSUEmpQw9,tiktok,@alestilodelsensei,2025-08-15,,,,tiktok,no
817,https://www.instagram.com/reel/DQe_LAjlG2r/,top semanal cuenta sin dato DQe_LAjlG2r,instagram,SIN DATO (CM: Valeria),2025-10-29,,,,reel,no
818,https://www.instagram.com/reel/DQ4vM5tj2N2/,top semanal cuenta sin dato DQ4vM5tj2N2,instagram,SIN DATO (CM: Kelly),2025-11-05,,,,reel,no
819,https://www.instagram.com/reel/DQM9w9Fj4Iq/,top semanal cuenta sin dato DQM9w9Fj4Iq,instagram,SIN DATO (CM: Kelly),2025-10-22,,,,reel,no
820,https://www.instagram.com/reel/DP_4E94DtPN/,top semanal cuenta sin dato DP_4E94DtPN,instagram,SIN DATO (CM: Valeria),2025-10-16,,,,reel,no
821,https://www.instagram.com/reel/DQZpTO0jsBr/,top semanal cuenta sin dato DQZpTO0jsBr,instagram,SIN DATO (CM: Valeria),2025-10-22,,,,reel,no
822,https://vt.tiktok.com/ZSUKHCY3e,top semanal @senseideverdad ZSUKHCY3e,tiktok,@senseideverdad,2025-08-08,,,,tiktok,no
823,https://vt.tiktok.com/ZSU9RjnFh,top semanal @senseimentalidad ZSU9RjnFh,tiktok,@senseimentalidad,2025-10-09,,,,tiktok,no
824,https://www.tiktok.com/@senseisinpelos_/video/7577114993146072327,top semanal @senseisinpelo 7577114993146072327,tiktok,@senseisinpelo,2025-11-26,,,,tiktok,no
825,https://www.instagram.com/reel/DQKIPt9DWcb/,top semanal cuenta sin dato DQKIPt9DWcb,instagram,SIN DATO (CM: Kelly),2025-10-22,,,,reel,no
826,https://www.instagram.com/reel/DQM6jt3kTKf/,top semanal cuenta sin dato DQM6jt3kTKf,instagram,SIN DATO (CM: Kelly),2025-10-22,,,,reel,no
827,https://vt.tiktok.com/ZSUK9dk1M,top semanal @senseideverdad ZSUK9dk1M,tiktok,@senseideverdad,2025-08-15,,,,tiktok,no
828,https://www.instagram.com/p/DRpRVXDAIgQ/,top semanal cuenta sin dato DRpRVXDAIgQ,instagram,SIN DATO (CM: Fabiola),2025-11-26,,,,reel,no
829,https://www.instagram.com/reel/DQhMxIdDiCz/,top semanal cuenta sin dato DQhMxIdDiCz,instagram,SIN DATO (CM: Kelly),2025-10-29,,,,reel,no
830,https://www.instagram.com/reel/DQmLzPNjQR5/,top semanal cuenta sin dato DQmLzPNjQR5,instagram,SIN DATO (CM: Kelly),2025-10-29,,,,reel,no
831,https://www.instagram.com/reel/DQCTCDdjct4/,top semanal cuenta sin dato DQCTCDdjct4,instagram,SIN DATO (CM: Kelly),2025-10-18,,,,reel,no
832,https://www.instagram.com/reel/DQ4KaahjqAR/,top semanal cuenta sin dato DQ4KaahjqAR,instagram,SIN DATO (CM: Kelly),2025-11-05,,,,reel,no
833,https://www.instagram.com/reel/DQKKZwkkca3/,top semanal cuenta sin dato DQKKZwkkca3,instagram,SIN DATO (CM: Kelly),2025-10-22,,,,reel,no
834,https://www.instagram.com/reel/DQIBO-4Emi3/,top semanal cuenta sin dato DQIBO-4Emi3,instagram,SIN DATO (CM: Kelly),2025-10-22,,,,reel,no
835,https://vt.tiktok.com/ZSUKV26UL,top semanal @Lavozdelsensei ZSUKV26UL,tiktok,@Lavozdelsensei,2025-08-29,,,,tiktok,no
836,https://www.instagram.com/reel/DQeqZs0kYGG/,top semanal cuenta sin dato DQeqZs0kYGG,instagram,SIN DATO (CM: Kelly),2025-10-29,,,,reel,no
837,https://www.youtube.com/shorts/_pUOvzBfHq8,top semanal @senseideverdad _pUOvzBfHq8,youtube,@senseideverdad,2025-10-16,,,,short,no
838,https://www.youtube.com/shorts/YT6qh-lz19w,top semanal @senseimentalidad YT6qh-lz19w,youtube,@senseimentalidad,2025-10-22,,,,short,no
839,https://www.youtube.com/shorts/LC8DmQs8YDE,top semanal @senseimentalidad LC8DmQs8YDE,youtube,@senseimentalidad,2025-10-09,,,,short,no
840,https://www.instagram.com/reel/DQj6kz1ib0f/,top semanal cuenta sin dato DQj6kz1ib0f,instagram,SIN DATO (CM: Kelly),2025-10-29,,,,reel,no
841,https://www.youtube.com/shorts/zuZ-wzoNKf0,top semanal @senseisinpelo zuZ-wzoNKf0,youtube,@senseisinpelo,2025-11-05,,,,short,no
842,https://www.tiktok.com/@senseisinpelos_/video/7569648170507111687,top semanal @senseisinpelo 7569648170507111687,tiktok,@senseisinpelo,2025-11-05,,,,tiktok,no
843,https://vt.tiktok.com/ZSytvSLhR,top semanal @elsenseiexplica ZSytvSLhR,tiktok,@elsenseiexplica,2025-11-05,,,,tiktok,no
844,https://vt.tiktok.com/ZSfFXBBCW,top semanal @elrealsensei ZSfFXBBCW,tiktok,@elrealsensei,2025-11-12,,,,tiktok,no
845,https://vt.tiktok.com/ZSytvHLDB,top semanal @elrealsensei ZSytvHLDB,tiktok,@elrealsensei,2025-11-05,,,,tiktok,no
846,https://www.instagram.com/reel/DQcKyeQkaov/,top semanal cuenta sin dato DQcKyeQkaov,instagram,SIN DATO (CM: Kelly),2025-10-29,,,,reel,no
847,https://www.instagram.com/reel/DQr-u1kEcse/,top semanal cuenta sin dato DQr-u1kEcse,instagram,SIN DATO (CM: Kelly),2025-11-05,,,,reel,no
848,https://vt.tiktok.com/ZSy5YLAsV,top semanal @elrealsensei ZSy5YLAsV,tiktok,@elrealsensei,2025-10-29,,,,tiktok,no
849,https://www.instagram.com/reel/DQCslCWidiW/,top semanal cuenta sin dato DQCslCWidiW,instagram,SIN DATO (CM: Kelly),2025-10-18,,,,reel,no
850,https://www.youtube.com/shorts/3t5tUKx6B4E,top semanal @senseimentalidad 3t5tUKx6B4E,youtube,@senseimentalidad,2025-11-26,,,,short,no
851,https://vt.tiktok.com/ZSUK9H8cY,top semanal @senseideverdad ZSUK9H8cY,tiktok,@senseideverdad,2025-08-22,,,,tiktok,no
852,https://vt.tiktok.com/ZSUEm3WLf,top semanal @alestilodelsensei ZSUEm3WLf,tiktok,@alestilodelsensei,2025-08-08,,,,tiktok,no
853,https://vt.tiktok.com/ZSUEmKxb4,top semanal @alestilodelsensei ZSUEmKxb4,tiktok,@alestilodelsensei,2025-08-22,,,,tiktok,no
854,https://www.youtube.com/shorts/2N5A8rNxMFI,top semanal @senseimentalidad 2N5A8rNxMFI,youtube,@senseimentalidad,2025-10-02,,,,short,no
855,https://www.tiktok.com/@senseisinpelos_/video/7573365062916721928,top semanal @senseisinpelo 7573365062916721928,tiktok,@senseisinpelo,2025-11-12,,,,tiktok,no
856,https://www.youtube.com/shorts/t3usGahGJO8,top semanal @senseimentalidad t3usGahGJO8,youtube,@senseimentalidad,2025-09-26,,,,short,no
857,https://vt.tiktok.com/ZSUKbPpNk,top semanal @senseicontenidos ZSUKbPpNk,tiktok,@senseicontenidos,2025-08-29,,,,tiktok,no
858,https://www.instagram.com/reel/DQCr6E_jwNy/,top semanal cuenta sin dato DQCr6E_jwNy,instagram,SIN DATO (CM: Kelly),2025-10-18,,,,reel,no
859,https://www.youtube.com/shorts/AxQjSnfdWAk,top semanal @elrealsensei AxQjSnfdWAk,youtube,@elrealsensei,2025-11-05,,,,short,no
860,https://vt.tiktok.com/ZSyLpxyVU,top semanal @elrealsensei ZSyLpxyVU,tiktok,@elrealsensei,2025-10-22,,,,tiktok,no
861,https://www.instagram.com/reel/DQCm5DeESWq/,top semanal cuenta sin dato DQCm5DeESWq,instagram,SIN DATO (CM: Kelly),2025-10-18,,,,reel,no
862,https://vt.tiktok.com/ZSUKxkDs5,top semanal @senseideverdad ZSUKxkDs5,tiktok,@senseideverdad,2025-09-12,,,,tiktok,no
863,https://www.instagram.com/reel/DQPS81SgAkd/,top semanal cuenta sin dato DQPS81SgAkd,instagram,SIN DATO (CM: Valeria),2025-10-22,,,,reel,no
864,https://www.instagram.com/reel/DQMrFYTEQdG/,top semanal cuenta sin dato DQMrFYTEQdG,instagram,SIN DATO (CM: Fabiola),2025-10-22,,,,reel,no
865,https://vt.tiktok.com/ZSUEurLLX,top semanal @alestilodelsensei ZSUEurLLX,tiktok,@alestilodelsensei,2025-08-29,,,,tiktok,no
866,https://vt.tiktok.com/ZSUKqUK8f,top semanal @senseicontenidos ZSUKqUK8f,tiktok,@senseicontenidos,2025-08-15,,,,tiktok,no
867,https://www.instagram.com/reel/DPZU-zvkfRC/,top semanal cuenta sin dato DPZU-zvkfRC,instagram,SIN DATO (CM: María),2025-10-02,,,,reel,no
868,https://vt.tiktok.com/ZSUKxSQGh,top semanal @senseideverdad ZSUKxSQGh,tiktok,@senseideverdad,2025-09-19,,,,tiktok,no
869,https://vt.tiktok.com/ZSUKVPUDK,top semanal @Lavozdelsensei ZSUKVPUDK,tiktok,@Lavozdelsensei,2025-09-12,,,,tiktok,no
870,https://vt.tiktok.com/ZSUK4x66q,top semanal @Lavozdelsensei ZSUK4x66q,tiktok,@Lavozdelsensei,2025-08-22,,,,tiktok,no
871,https://www.youtube.com/shorts/ff0hL0qkBA4,top semanal @habitosdelsensei ff0hL0qkBA4,youtube,@habitosdelsensei,2025-10-02,,,,short,no
872,https://youtu.be/X5fIjITx9Ew,top semanal @senseifit,youtube,@senseifit,2025-11-05,,,,short,no
873,https://www.instagram.com/reel/DPHNasCETcN/,top semanal cuenta sin dato DPHNasCETcN,instagram,SIN DATO (CM: María),2025-09-26,,,,reel,no
874,https://vt.tiktok.com/ZSUKQjYXj,top semanal @Lavozdelsensei ZSUKQjYXj,tiktok,@Lavozdelsensei,2025-08-08,,,,tiktok,no
875,https://www.youtube.com/shorts/r0m0LQU9cs4,top semanal @librosdelsensei r0m0LQU9cs4,youtube,@librosdelsensei,2025-10-22,,,,short,no
876,https://vt.tiktok.com/ZSUEmj7Ny,top semanal @alestilodelsensei ZSUEmj7Ny,tiktok,@alestilodelsensei,2025-08-01,,,,tiktok,no
877,https://www.instagram.com/reel/DQE7TXGkRxk/,top semanal cuenta sin dato DQE7TXGkRxk,instagram,SIN DATO (CM: María),2025-10-16,,,,reel,no
878,https://vt.tiktok.com/ZSUKb5Kkt,top semanal @senseicontenidos ZSUKb5Kkt,tiktok,@senseicontenidos,2025-09-05,,,,tiktok,no
879,https://www.youtube.com/shorts/1CYlYr8e2Ro,top semanal @elsenseiexplica 1CYlYr8e2Ro,youtube,@elsenseiexplica,2025-10-22,,,,short,no
